?LEWI?SKI,_W?adis?aw 19244
AACHEN,_Hans_von 19245
AAGAARD,_Carl_Frederik 19246
ABADIA,_Juan_de_la 19247
ABBATE,_Niccol?_dell' 19248
ABBATI,_Giuseppe 19249
ABBATINI,_Guido_Ubaldo 19250
ABILDGAARD,_Nicolai 19251
ACHENBACH,_Oswald 19252
ADAM,_Albrecht 19253
ADEMOLLO,_Luigi 19254
ADLER,_Salomon 19255
ADRIAENSSEN,_Alexander 19256
AELST,_Willem_van 19257
AENVANCK,_Theodoor 19258
AERTSEN,_Pieter 19259
AGASSE,_Jacques-Laurent 19260
AIVAZOVSKY,_Ivan_Konstantinovich 19261
AKEN,_Joseph_van 19262
AKOTANTOS,_Angelos 19263
ALBANI,_Francesco 19264
ALBEREGNO,_Jacobello 19265
ALBERTI,_Cherubino 19266
ALBERTI,_Giovanni 19267
ALBERTINELLI,_Mariotto 19268
ALBOTTO,_Francesco 19269
ALEKSANDROVI?,_Ljubomir 19270
ALEKSEYEV,_Fyodor_Yakovlevich 19271
ALENZA_Y_NIETO,_Leonardo 19272
ALESSO_DI_BENOZZO 19273
ALINCBROT,_Louis 19274
ALLEGRAIN,_Etienne 19275
ALLORI,_Alessandro 19276
ALLORI,_Cristofano 19277
ALLSTON,_Washington 19278
ALSLOOT,_Denis_van 19279
ALT,_Rudolf_von 19280
ALTDORFER,_Albrecht 19281
ALTICHIERO_da_Zevio 19282
ALTISSIMO,_Cristofano_dell' 19283
ALTOMONTE,_Martino 19284
AMBERGER,_Christoph 19285
AMERLING,_Friedrich_von 19286
AMICO_FRIULANO_DEL_DOSSO 19287
AMIGONI,_Jacopo 19288
AMSTEL,_Jan_van 19289
ANCHER,_Anna_Kirstine 19290
ANCONA,_Vito_d' 19291
ANDERSON,_William 19292
ANDREA_DA_FIRENZE 19293
ANDREA_DA_MURANO 19294
ANDREA_DEL_CASTAGNO 19295
ANDREA_DEL_SARTO 19296
ANDREA_DI_BARTOLO 19297
ANDREA_DI_NERIO 19298
ANDREA_di_Vanni_d'Andrea 19299
ANDREESCU,_Ion 19300
ANDRIESSEN,_Jurriaan 19301
ANESI,_Paolo 19302
ANGELI,_Giuseppe 19303
ANGELICO,_Fra 19304
ANGELLIS,_Pieter 19305
ANGELUCCIO 19306
ANGERMAYER,_Johann_Adalbert 19307
ANGRAND,_Charles 19308
ANGUISSOLA,_Lucia 19309
ANGUISSOLA,_Sofonisba 19310
ANQUETIN._Louis 19311
ANSALDO,_Giovanni_Andrea 19312
ANTHONISZ,_Aert 19313
ANTHONISZ,_Cornelis 19314
ANTIGNA,_Alexandre 19315
ANTOLINEZ,_Francisco 19316
ANTOLINEZ,_José 19317
ANTONELLO_da_Messina 19318
ANTONIAZZO_ROMANO 19319
ANTONIO_DA_ATRI 19320
ANTONIO_DA_CREVALCORE 19321
ANTONIO_DA_FABRIANO 19322
ANTONIO_DA_FIRENZE 19323
ANTONIO_DA_NEGROPONTE 19324
ANTONIO_VENEZIANO 19325
ANTROPOV,_Aleksey_Petrovich 19326
APPIANI,_Andrea 19327
APSHOVEN,_Thomas_van 19328
APT,_Ulrich_the_Elder 19329
ARALDI,_Alessandro 19330
ARCANGELO_DI_JACOPO_DEL_SELLAIO 19331
ARCIMBOLDO,_Giuseppe 19332
ARELLANO,_Juan_de 19333
ARNULPHY,_Claude 19334
ARTHOIS,_Jacques_d' 19335
ARTIOLI,_Giuseppe 19336
ASAM,_Cosmas_Damian 19337
ASCH,_Pieter_Jansz._van 19338
ASHFORD,_William 19339
ASPERTINI,_Amico 19340
ASSCHE,_Henri_van 19341
ASSELYN,_Jan 19342
ASSERETO,_Gioachino 19343
ASSTEYN,_Bartholomeus 19344
AST,_Balthasar_van_der 19345
ASTRUC,_Zacharie 19346
ATTAVANTE_DEGLI_ATTAVANTI 19347
AUGUSTIN,_Jean-Baptiste-Jacques 19348
AVANZI,_Jacopo 19349
AVED,_Jacques-André-Joseph 19350
AVERCAMP,_Barend 19351
AVERCAMP,_Hendrick 19352
AYALA,_Josefa_de 19353
AZEGLIO,_Massimo_Taparelli,_Marquis_d' 19354
BABUREN,_Dirck_van 19355
BACCHIACCA 19356
BACICCIO 19357
BACKER,_Jacob_Adriaensz. 19358
BACKER,_Jacob_de 19359
BACKHUYSEN,_Ludolf 19360
BADALOCCHIO,_Sisto 19361
BAEGERT,_Derick 19362
BAELLIEUR,_Cornelis_de 19363
BAEN,_Jan_de 19364
BAERS,_Johannes 19365
BAERTSOEN,_Albert 19366
BAGLIONE,_Cesare 19367
BAGLIONE,_Giovanni 19368
BAILLY,_David 19369
BALASSI,_Mario 19370
BALDASSARE_D'_ESTE 19371
BALDI,_Lazzaro 19372
BALDOVINETTI,_Alessio 19373
BALDRIGHI,_Giuseppe 19374
BALDUCCI,_Giovanni 19375
BALDUCCI,_Matteo 19376
BALDUNG_GRIEN,_Hans 19377
BALEN,_Hendrick_van 19378
BALESTRA,_Antonio 19379
BALTENS,_Peeter 19380
BAMBINI,_Nicol? 19381
BANDINELLI,_Baccio 19382
BANTI,_Cristiano 19383
BARABÁS,_Miklós 19384
BARBARI,_Jacopo_de' 19385
BARBAULT,_Jean 19386
BARBIERI,_Paolo_Antonio 19387
BARDELLINO,_Pietro 19388
BARENDSZ.,_Dirck 19389
BARKER,_Thomas_Jones 19390
BARNA_DA_SIENA 19391
BARNABA_DA_MODENA 19392
BAROCCI,_Federico_Fiori 19393
BARONZIO,_Giovanni 19394
BARRA,_Didier 19395
BARRERA,_Francisco 19396
BARRET,_George 19397
BARTOLINI,_Lorenzo 19398
BARTOLO_DI_FREDI 19399
BARTOLOMEO_DELLA_GATTA 19400
BARTOLOMEO_DI_FRUOSINO 19401
BARTOLOMEO_DI_GIOVANNI 19402
BARTOLOMEO_VENETO 19403
BARTOLOMEO,_Fra 19404
BARTSIUS,_Willem 19405
BARYE,_Antoine-Louis 19406
BASAITI,_Marco 19407
BASCHENIS,_Evaristo 19408
BASSA,_Ferrer 19409
BASSANO,_Francesco 19410
BASSANO,_Jacopo 19411
BASSANO,_Leandro 19412
BASSEN,_Bartholomeus_van 19413
BASSETTI,_Marcantonio 19414
BASTIANI,_Lazzaro 19415
BASTIEN-LEPAGE,_Jules 19416
BATONI,_Pompeo 19417
BATTEM,_Gerrit_van 19418
BAUGIN,_Lubin 19419
BAUM,_Paul 19420
BAYEU_Y_SUBIAS,_Francisco 19421
BAYEU_Y_SUBIAS,_Ramón 19422
BAZILLE,_Jean-Frédéric 19423
BAZZANI,_Giuseppe 19424
BEACH,_Thomas 19425
BEALE,_Mary 19426
BEAUBRUN,_Charles 19427
BEAUFORT,_Jacques-Antoine 19428
BEAUMONT,_Claudio_Francesco 19429
BEAUX,_Cecilia 19430
BECCAFUMI,_Domenico 19431
BECCARUZZI,_Francesco 19432
BEECHEY,_Sir_William 19433
BEECKMAN,_Andries 19434
BEER,_Jan_de 19435
BEERSTRATEN,_Anthonie 19436
BEERSTRATEN,_Jan_Abrahamsz. 19437
BEERT,_Osias_the_Elder 19438
BEERT,_Osias_the_Younger 19439
BEGA,_Cornelis 19440
BEGAS,_Carl_the_Elder 19441
BEGEYN,_Abraham_Jansz. 19442
BEHAM,_Barthel 19443
BEHAM,_Hans_Sebald 19444
BEINASCHI,_Giovan_Battista 19445
BELIN_DE_FONTENAY,_Jean-Baptiste 19446
BELLA,_Stefano_della 19447
BELLANGE,_Jacques 19448
BELLANGÉ,_Hippolyte 19449
BELLE,_Alexis-Simon 19450
BELLE,_Clément-Louis-Marie-Anne 19451
BELLECHOSE,_Henri 19452
BELLEGAMBE,_Jean 19453
BELLEVOIS,_Jacob_Adriaensz. 19454
BELLINI,_Gentile 19455
BELLINI,_Giovanni 19456
BELLINI,_Jacopo 19457
BELLIS,_Antonio_de 19458
BELLO,_Marco 19459
BELLOTTI,_Pietro 19460
BELLOTTO,_Bernardo 19461
BELLUCCI,_Antonio 19462
BEMBO,_Benedetto 19463
BEMBO,_Bonifazio 19464
BEMBO,_Giovan_Francesco 19465
BENAGLIO,_Francesco 19466
BENCZÚR,_Gyula 19467
BENDZ,_Wilhelm 19468
BENEDETTI,_Andries 19469
BENEFIAL,_Marco 19470
BENOIST,_Marie-Guillemine 19471
BENOUVILLE,_François-Léon 19472
BENOUVILLE,_Jean-Achille 19473
BENSON,_Ambrosius 19474
BENSON,_Frank_Weston 19475
BENSON,_Willem 19476
BENVENUTI,_Pietro 19477
BENVENUTO_DI_GIOVANNI 19478
BERCHEM,_Nicolaes 19479
BERCKHEYDE,_Gerrit_Adriaensz. 19480
BERCKHEYDE,_Job_Adriaensz 19481
BERENTZ,_Christian 19482
BERGAMASCO,_Il 19483
BERGEN,_Dirk_van 19484
BERGERET,_Pierre-Nolasque 19485
BERGH,_Gillis_Gillisz._de 19486
BERGHE,_Augustin_van_den 19487
BERGHE,_Charles-Auguste_van_den 19488
BERGHE,_Christoffel_van_den 19489
BERGOGNONE,_Ambrogio 19490
BERGOIJS,_Claes 19491
BERJON,_Antoine 19492
BERLINGHIERI,_Bonaventura 19493
BERMEJO,_Bartolomé 19494
BERNARD_D'AGESCI 19495
BERNARD,_Joseph 19496
BERNARD,_Émile 19497
BERNARDINO_DI_MARIOTTO_DELLO_STAGNO 19498
BERNINI,_Gian_Lorenzo 19499
BERRUGUETE,_Alonso 19500
BERRUGUETE,_Pedro 19501
BERTHÉLEMY,_Jean-Simon 19502
BERTIN,_Jean-Victor 19503
BERUETE,_Aureliano 19504
BESCHEY,_Balthasar 19505
BESNARD,_Albert 19506
BETTERA,_Bartolomeo 19507
BETTI,_Niccol? 19508
BEUCKELAER,_Joachim 19509
BEVILACQUA,_Giovanni_Carlo 19510
BEYEREN,_Abraham_van 19511
BEZZUOLI,_Giuseppe 19512
BIAGIO_D'ANTONIO 19513
BIANCHI,_Mos? 19514
BICCI_DI_LORENZO 19515
BICCI_DI_NERI 19516
BICCI,_Lorenzo_di 19517
BIDAULD,_Jean-Joseph-Xavier 19518
BIGOT,_Trophîme 19519
BIJLERT,_Jan_van 19520
BILIVERT,_Giovanni 19521
BILTIUS,_Cornelis 19522
BIMBI,_Bartolomeo 19523
BINGHAM,_George_Caleb 19524
BINOIT,_Peter 19525
BIRGER,_Hugo 19526
BISCAINO,_Bartolomeo 19527
BISON,_Giuseppe_Bernardino 19528
BISSCHOP,_Abraham 19529
BISSCHOP,_Cornelis 19530
BLAKE,_William 19531
BLANCHARD,_Jacques 19532
BLANCHET,_Louis-Gabriel 19533
BLECHEN,_Karl 19534
BLEKER,_Dirck_Gerritsz 19535
BLEKER,_Gerrit_Claesz 19536
BLES,_Herri_met_de 19537
BLIECK,_Daniel_de 19538
BLOCH,_Carl_Heinrich 19539
BLOCK,_Benjamin 19540
BLOCKLANDT_VAN_MONTFOORT,_Anthonie 19541
BLOEMAERT,_Abraham 19542
BLOEMAERT,_Hendrick 19543
BLOEMEN,_Jan_Frans_van 19544
BLOEMEN,_Pieter_van 19545
BLOMMENDAEL,_Reyer_van 19546
BLONDEEL,_Lanceloot 19547
BLONDEL,_Merry-Joseph 19548
BLOOT,_Pieter_de 19549
BOCANEGRA,_Pedro_Anastasio 19550
BOCCACCINO,_Boccaccio 19551
BOCCACCINO,_Camillo 19552
BOCCATI,_Giovanni_di_Piermatteo 19553
BOCKSBERGER,_Hans_the_Elder 19554
BOECKHORST,_Jan_van 19555
BOEL,_Pieter 19556
BOELEMA_DE_STOMME,_Maerten 19557
BOGAERT,_Hendrick 19558
BOGDÁNY,_Jakab 19559
BOGUET,_Nicolas-Didier 19560
BOILLY,_Louis_Léopold 19561
BOL,_Ferdinand 19562
BOL,_Hans 19563
BOLDINI,_Giovanni 19564
BOLLANDT,_Heinrich 19565
BOLLONGIER,_Hans 19566
BOLTRAFFIO,_Giovanni_Antonio 19567
BOMBELLI,_Sebastiano 19568
BONAVIA,_Carlo 19569
BONE,_Henry 19570
BONECHI,_Matteo 19571
BONFIGLI,_Benedetto 19572
BONHEUR,_Rosa 19573
BONIFACIO_VERONESE 19574
BONINGTON,_Richard_Parkes 19575
BONITO,_Giuseppe 19576
BONNAT,_Léon-Joseph-Florentin 19577
BONSIGNORI,_Francesco 19578
BONZI,_Pietro_Paolo 19579
BOONEN,_Arnold 19580
BOR,_Paulus 19581
BORCHT,_Hendrik_van_der,_the_Elder 19582
BORDONE,_Paris 19583
BORGIANNI,_Orazio 19584
BORGO?A,_Juan_de 19585
BOROVIKOVSKY,_Vladimir_Lukich 19586
BORRANI,_Odoardo 19587
BORRÁS,_Fray_Nicolás 19588
BORSATO,_Giuseppe 19589
BORSOS,_József 19590
BORSSOM,_Anthonie_van 19591
BORTOLONI,_Mattia 19592
BOSCH,_Hieronymus 19593
BOSSCHAERT,_Abraham 19594
BOSSCHAERT,_Ambrosius_the_Elder 19595
BOSSCHAERT,_Ambrosius_the_Younger 19596
BOSSCHAERT,_Jan-Baptist 19597
BOSSCHAERT,_Johannes 19598
BOSSCHE,_Balthasar_van_den 19599
BOSSE,_Abraham 19600
BOTH,_Jan 19601
BOTTALLA,_Giovanni_Maria 19602
BOTTANI,_Giuseppe 19603
BOTTICELLI,_Sandro 19604
BOTTICINI,_Francesco 19605
BOTTICINI,_Raffaello 19606
BOUCHER,_François 19607
BOUCLE,_Pierre_van 19608
BOUCQUET,_Victor 19609
BOUDEWIJNS,_Adriaen_Frans 19610
BOUDIN,_Eug?ne 19611
BOUGUEREAU,_William-Adolphe 19612
BOUILLON,_Michel 19613
BOULANGER,_Jean 19614
BOULIAR,_Marie_Genevi?ve 19615
BOULLOGNE,_Louis_the_Younger 19616
BOURDON,_Sébastien 19617
BOURSSE,_Esaias 19618
BOUT,_Pieter 19619
BOUTON,_Charles-Marie 19620
BOUTS,_Dieric_the_Elder 19621
BOUTS,_Dieric_the_Younger 19622
BOUYS,_André 19623
BOYER,_Michel 19624
BOYLE,_Richard,_3rd_Earl_of_Burlington 19625
BOZE,_Joseph 19626
BRACCESCO,_Carlo 19627
BRACQUEMOND,_Marie 19628
BRAKENBURG,_Richard 19629
BRAMANTE,_Donato 19630
BRAMANTINO 19631
BRAMER,_Leonaert 19632
BRAND,_Christian_Hilfgott 19633
BRAND,_Johann_Christian 19634
BRANDI,_Domenico 19635
BRANDI,_Giacinto 19636
BRAY,_Dirck_de 19637
BRAY,_Jan_de 19638
BRAY,_Joseph_de 19639
BRAY,_Salomon_de 19640
BREA,_Louis 19641
BRECK,_John_Leslie 19642
BREDAEL,_Jan_Frans_van 19643
BREDAEL,_Joseph_van 19644
BREEN,_Adam_van 19645
BREENBERGH,_Bartholomeus 19646
BREITNER,_George_Hendrik 19647
BREKELENKAM,_Quiringh_van 19648
BRESCIANINO,_Andrea_del 19649
BRESOLIN,_Domenico 19650
BRETON,_Jules 19651
BREU,_Jörg_the_Elder 19652
BREU,_Jörg_the_Younger 19653
BRIDELL,_Frederick_Lee 19654
BRIL,_Paul 19655
BRINCKMANN,_Philipp_Hieronymus 19656
BRIZIO,_Francesco 19657
BROC,_Jean 19658
BROCKY,_Károly 19659
BRODSZKY,_Sándor 19660
BROECK,_Elias_van_den 19661
BROEDERLAM,_Melchior 19662
BROMPTON,_Richard 19663
BRONCHORST,_Jan_Gerritsz_van 19664
BRONCHORST,_Johannes_van 19665
BRONZINO,_Agnolo 19666
BROOKING,_Charles 19667
BROSAMER,_Hans 19668
BROUWER,_Adriaen 19669
BROUWER,_Gerloff 19670
BROWN,_Ford_Madox 19671
BROWN,_Mather 19672
BRUCE,_William_Blair 19673
BRUEGEL,_Pieter_the_Elder 19674
BRUEGHEL,_Abraham 19675
BRUEGHEL,_Ambrosius 19676
BRUEGHEL,_Jan_the_Elder 19677
BRUEGHEL,_Jan_the_Younger 19678
BRUEGHEL,_Pieter_III 19679
BRUEGHEL,_Pieter_the_Younger 19680
BRUNELLESCHI,_Filippo 19681
BRUNI,_Domenico 19682
BRUSASORCI,_Domenico 19683
BRUSSEL,_Paul_Theodor_van 19684
BRUYN,_Barthel_the_Elder 19685
BRUYN,_Barthel_the_Younger 19686
BRYULLOV,_Karl_Pavlovich 19687
BUESEM,_Jan_Jansz. 19688
BUFFALMACCO,_Bounamico 19689
BUGIARDINI,_Giuliano 19690
BUNDEL,_Willem_van_den 19691
BUONCONSIGLIO,_Giovanni 19692
BURCH,_Hendrick_van_der 19693
BURGKMAIR,_Hans 19694
BURGOS,_Juan_de 19695
BURNE-JONES,_Edward 19696
BURY,_Friedrich 19697
BUSIRI,_Giovanni_Battista 19698
BUTI,_Lodovico 19699
BUTINONE,_Bernardino_Jacopi 19700
BUTTAFOGO,_Antonio 19701
BUTTERI,_Giovanni_Maria 19702
BUYS,_Jacobus 19703
BUYTEWECH,_Willem_Pietersz. 19704
BYSS,_Johann_Rudolf 19705
BÉLIARD,_Edouard 19706
BÉRAUD,_Jean 19707
BÖCKLIN,_Arnold 19708
BÜRKEL,_Heinrich 19709
CABANEL,_Alexandre 19710
CABEZALERO,_Juan_Martín 19711
CABIANCA,_Vincenzo 19712
CACCIA,_Guglielmo 19713
CACCIA,_Orsola_Maddalena 19714
CAFFI,_Ippolito 19715
CAGNACCI,_Guido 19716
CAILLEBOTTE,_Gustave 19717
CAIRO,_Francesco_del 19718
CAJÉS,_Eugenio 19719
CAJÉS,_Patrizio 19720
CALAME,_Alexandre 19721
CALCAR,_Jan_Steven_van 19722
CALIARI,_Benedetto 19723
CALIARI,_Carlo 19724
CALLET,_Antoine-François 19725
CALRAET,_Abraham_van 19726
CALS,_Adolphe-Félix 19727
CALVAERT,_Denys 19728
CALVI,_Jacopo_Alessandro 19729
CAMASSEI,_Andrea 19730
CAMBIASO,_Luca 19731
CAMILO,_Francisco 19732
CAMMARANO,_Michele 19733
CAMPA?A,_Pedro_de 19734
CAMPEN,_Jacob_van 19735
CAMPHUYSEN,_Govert_Dircksz. 19736
CAMPI,_Antonio 19737
CAMPI,_Giulio 19738
CAMPI,_Vincenzo 19739
CAMPROBÍN,_Pedro_de 19740
CAMUCCINI,_Vincenzo 19741
CANAL,_Bernardo 19742
CANALETTO 19743
CANAVESIO,_Giovanni 19744
CANDID,_Peter 19745
CANE,_Ottaviano 19746
CANELLA,_Giuseppe 19747
CANO,_Alonso 19748
CANTARINI,_Simone 19749
CANTOFOLI,_Ginevra 19750
CANUTI,_Domenico_Maria 19751
CAPANNA,_Puccio 19752
CAPELLI,_Camillo_di 19753
CAPORALI,_Bartolomeo 19754
CAPPELLA,_Francesco 19755
CAPPELLE,_Jan_van_de 19756
CAPRIOLO,_Domenico 19757
CARACCIOLO,_Giovanni_Battista 19758
CARAGLIO,_Giovanni_Jacopo 19759
CARAVAGGIO 19760
CARDUCHO,_Bartolomé 19761
CARDUCHO,_Vicente 19762
CARIANI,_Giovanni 19763
CARLEVARIS,_Luca 19764
CARLEVARIS,_Marianna 19765
CARLONE,_Carlo_Innocenzo 19766
CARLONE,_Giovanni_Andrea 19767
CARLONE,_Giovanni_Battista 19768
CARNEVALE,_Fra 19769
CARNICERO_Y_MANCIO,_Antonio 19770
CARNOVALI,_Giovanni 19771
CARO,_Baldassare_de 19772
CAROLUS-DURAN 19773
CARON,_Antoine 19774
CAROSELLI,_Angelo 19775
CAROTO,_Giovanni_Francesco 19776
CARPACCIO,_Vittore 19777
CARPI,_Girolamo_da 19778
CARPIONI,_Giulio 19779
CARRACCI,_Agostino 19780
CARRACCI,_Annibale 19781
CARRACCI,_Antonio 19782
CARRACCI,_Lodovico 19783
CARRE?O_DE_MIRANDA,_Juan 19784
CARRI?RE,_Eug?ne 19785
CARRIERA,_Rosalba 19786
CARUS,_Carl_Gustav 19787
CASALI,_Andrea 19788
CASAS_I_CARBÓ,_Ramón 19789
CASINI,_Valore 19790
CASSANA,_Giovanni_Agostino 19791
CASSANA,_Niccol? 19792
CASSATT,_Mary 19793
CASSIOLI,_Amos 19794
CASTAGNOLI,_Giuseppe 19795
CASTEELS,_Pieter 19796
CASTELLANO,_Manuel 19797
CASTELLO,_Valerio 19798
CASTELLÓ,_Vicente 19799
CASTIGLIONE,_Giovanni_Benedetto 19800
CASTILLO,_Antonio_del 19801
CATARINO 19802
CATEL,_Franz_Ludwig 19803
CATENA,_Vincenzo 19804
CATI_DA_IESI,_Pasquale 19805
CATLIN,_George 19806
CATS,_Dirck_van 19807
CAULLERY,_Louis_de 19808
CAVALLINI,_Pietro 19809
CAVALLINO,_Bernardo 19810
CAVALORI,_Mirabello 19811
CAVAROZZI,_Bartolomeo 19812
CAVAZZOLA 19813
CAVEDONE,_Giacomo 19814
CAYLINA,_Paolo_the_Elder 19815
CAZES,_Pierre-Jacques 19816
CAZIN,_Jean-Charles 19817
CECCARELLI,_Naddo 19818
CECCO_BRAVO 19819
CECCO_DEL_CARAVAGGIO 19820
CECCO_DI_PIETRO 19821
CELESTI,_Andrea 19822
CENNI_di_Francesco_di_Ser_Cenni 19823
CERESA,_Carlo 19824
CEREZO,_Mateo_the_Younger 19825
CERNOTTO,_Stefano 19826
CERRINI,_Giovanni_Domenico 19827
CERUTI,_Giacomo 19828
CERVELLI,_Federico 19829
CESARE_da_Sesto 19830
CESARI,_Giuseppe 19831
CHAMBERLIN,_Mason_the_Elder 19832
CHAMPAIGNE,_Jean-Baptiste_de 19833
CHAMPAIGNE,_Philippe_de 19834
CHANDLER,_John_Westbrooke 19835
CHANGENET,_Jean 19836
CHARDIN,_Jean-Baptiste-Siméon 19837
CHARLET,_Nicolas-Toussaint 19838
CHARONTON,_Enguerrand 19839
CHARPENTIER,_Constance 19840
CHARPENTIER,_Jean-Baptiste_the_Elder 19841
CHASE,_William_Merritt 19842
CHASSÉRIAU,_Théodore 19843
CHAUVIN,_Pierre-Athanase 19844
CHERNETSOV,_Grigory_Grigorievich 19845
CHIARI,_Giuseppe_Bartolomeo 19846
CHILONE,_Vincenzo 19847
CHODOWIECKI,_Daniel_Nikolaus 19848
CHRISTUS,_Petrus 19849
CHURCH,_Frederic_Edwin 19850
CHÂTELET,_Claude-Louis 19851
CIAMPANTI,_Michele 19852
CIAMPANTI,_Michele_di_Michele 19853
CIAMPELLI,_Agostino 19854
CIARDI,_Guglielmo 19855
CIGNANI,_Carlo 19856
CIGNAROLI,_Giambettino 19857
CIGNAROLI,_Scipione 19858
CIGOLI 19859
CIMA_da_Conegliano 19860
CIMABUE 19861
CIMAROLI,_Giovanni_Battista 19862
CINCINNATO,_Romulo 19863
CINGANELLI,_Michelangelo 19864
CIPPER,_Giacomo_Francesco 19865
CIRCIGNANI,_Niccol? 19866
CISERI,_Antonio 19867
CITTADINI,_Pier_Francesco 19868
CIVITALE,_Matteo 19869
CLAEISSENS,_Antoon 19870
CLAEISSENS,_Pieter_the_Younger 19871
CLAESZ.,_Anthony_II 19872
CLAESZ.,_Jan 19873
CLAESZ.,_Pieter 19874
CLAEUW,_Jacques_de 19875
CLAUDE_LORRAIN 19876
CLAUS,_Emile 19877
CLAUSEN,_George 19878
CLERCK,_Hendrik_de 19879
CLEVE,_Cornelis_van 19880
CLEVE,_Hendrick_van_III 19881
CLEVE,_Joos_van 19882
CLEVE,_Marten_van_I 19883
CLEVELEY,_John_the_Elder 19884
CLEVELEY,_John_the_Younger 19885
CLINT,_George 19886
CLONNEY,_James_Goodwyn 19887
CLOSTERMAN,_John 19888
CLOUET,_François 19889
CLOUET,_Jean 19890
CLOVIO,_Giulio 19891
CLÉRISSEAU,_Charles_Louis 19892
COCK,_Jan_Wellens_de 19893
COCK,_Paul_de 19894
CODAZZI,_Viviano 19895
CODDE,_Pieter 19896
CODINO,_Francesco 19897
COECKE_VAN_AELST,_Pieter 19898
COELLO,_Claudio 19899
COESERMANS,_Johannes 19900
COIGNET,_Jules 19901
COLA_DI_PETRUCCIOLI 19902
COLE,_Thomas 19903
COLI,_Giovanni 19904
COLIN,_Alexandre-Marie 19905
COLLANTES,_Francisco 19906
COLLIER,_Edwart 19907
COLLINS,_Charles 19908
COLLINS,_William 19909
COLOMBEL,_Nicolas 19910
COLONNA,_Angelo_Michele 19911
COLSON,_Jean-François 19912
COMPE,_Jan_ten 19913
CONCA,_Sebastiano 19914
CONCA,_Tommaso 19915
CONGNET,_Gillis 19916
CONINCK,_David_de 19917
CONINXLOO,_Gillis_van 19918
CONSTABLE,_John 19919
CONSTANTINI,_Ermenegildo 19920
CONTE,_Jacopino_del 19921
CONTE,_Meiffren 19922
CONTI,_Domenico 19923
CONTI,_Francesco 19924
COOKE,_Edward_William 19925
COOMANS,_Pierre_Olivier_Joseph 19926
COOPER,_Abraham 19927
COOPER,_Thomas_Sidney 19928
COORTE,_Adriaen 19929
COPLEY,_John_Singleton 19930
COPPO_DI_MARCOVALDO 19931
COQUES,_Gonzales 19932
CORINTH,_Lovis 19933
CORMON,_Fernand 19934
CORNEILLE_DE_LYON 19935
CORNEILLE,_Michel_I 19936
CORNELIS_VAN_HAARLEM 19937
CORNELISZ_VAN_OOSTSANEN,_Jacob 19938
CORNELIUS,_Peter 19939
CORNET,_Jacobus_Ludovicus 19940
CORONA,_Leonardo 19941
COROT,_Jean-Baptiste_Camille 19942
CORREGGIO 19943
CORTE,_Gabriel_de_la 19944
CORTE,_Juan_de_la 19945
CORTONA,_Pietro_da 19946
CORVI,_Domenico 19947
COSSA,_Francesco_del 19948
COSSIERS,_Jan 19949
COSTA,_Lorenzo_the_Elder 19950
COSTA,_Lorenzo_the_Younger 19951
COSWAY,_Richard 19952
COT,_Pierre-Auguste 19953
COTELLE,_Jean_II 19954
COTER,_Colijn_de 19955
COTES,_Francis 19956
COTMAN,_Frederick_George 19957
COTMAN,_John_Sell 19958
COURBET,_Gustave 19959
COURT,_Joseph-Désiré 19960
COURTOIS,_Guillaume 19961
COURTOIS,_Jacques 19962
COUSIN,_Jean_the_Elder 19963
COUSIN,_Jean_the_Younger 19964
COUSTENS,_Pieter 19965
COUWENBERGH,_Christiaen_van 19966
COX,_David 19967
COXCIE,_Michiel_van 19968
COYPEL,_Antoine 19969
COYPEL,_Charles-Antoine 19970
COYPEL,_Noel-Nicolas 19971
COZENS,_John_Robert 19972
COZZARELLI,_Guidoccio 19973
CRAEN,_Lauren 19974
CRAEN,_Laurens 19975
CRAESBEECK,_Josse_van 19976
CRANACH,_Hans 19977
CRANACH,_Lucas_the_Elder 19978
CRANACH,_Lucas_the_Younger 19979
CRAYER,_Gaspard_de 19980
CRESCENZI,_Giovanni_Battista 19981
CRESPI,_Daniele 19982
CRESPI,_Giovanni_Battista 19983
CRESPI,_Giuseppe_Maria 19984
CRESPI,_Luigi 19985
CRETI,_Donato 19986
CRIVELLI,_Angelo_Maria 19987
CRIVELLI,_Carlo 19988
CRIVELLI,_Vittore 19989
CROOS,_Anthonie_Jansz._van_der 19990
CROPSEY,_Jasper_Francis 19991
CROSATO,_Giovanni_Battista 19992
CROSS,_Henri-Edmond 19993
CRUZ,_Diego_de_la 19994
CRÉPIN,_Louis_Philippe 19995
CSONTVÁRY_KOSZTKA,_Tivadar 19996
CUIRIS,_Juan_Bautista 19997
CULLEN,_Maurice_Galbraith 19998
CURRADI,_Francesco 19999
CUYCK_VAN_MYEROP,_Frans 20000
CUYLENBORCH,_Abraham_van 20001
CUYP,_Aelbert 20002
CUYP,_Benjamin_Gerritsz. 20003
CUYP,_Jacob_Gerritsz. 20004
CÉZANNE,_Paul 20005
CÓRDOBA,_Pedro_de 20006
D'ORSI,_Achille 20007
DADDI,_Bernardo 20008
DAEL,_Jan_Frans_van 20009
DAFFINGER,_Moritz_Michael 20010
DAGNAN-BOUVERET,_Pascal-Adolphe-Jean 20011
DAHL,_Johan_Christian_Clausen 20012
DALEM,_Cornelis_van 20013
DALENS,_Dirck_I 20014
DALENS,_Dirck_II 20015
DALENS,_Dirck_III 20016
DALMAU,_Lluis 20017
DALOU,_Jules 20018
DALSGAARD,_Christen 20019
DANCE-HOLLAND,_Nathaniel 20020
DANDINI,_Cesare 20021
DANDINI,_Pietro 20022
DANDRÉ-BARDON,_Michel-François 20023
DANHAUSER,_Josef_Franz 20024
DANIELE_da_Volterra 20025
DANLOUX,_Henri-Pierre 20026
DARET,_Jacques 20027
DAUBIGNY,_Charles-François 20028
DAUBIGNY,_Karl 20029
DAUMIER,_Honoré 20030
DAUZATS,_Adrien 20031
DAVID,_Gerard 20032
DAVID,_Jacques-Louis 20033
DAVIS,_Richard_Barrett 20034
DAWE,_George 20035
DEBUCOURT,_Philibert-Louis 20036
DECAMPS,_Alexandre_Gabriel 20037
DECKER,_Cornelis_Gerritsz 20038
DEDREUX,_Alfred 20039
DEGAS,_Edgar 20040
DELACROIX,_Eug?ne 20041
DELANE,_Solomon 20042
DELAROCHE,_Paul 20043
DELEN,_Dirck_van 20044
DELFF,_Cornelis_Jacobsz 20045
DELFF,_Jacob_Willemsz_I 20046
DELFF,_Jacob_Willemsz_II 20047
DELPY,_Hippolyte-Camille 20048
DEMARNE,_Jean-Louis 20049
DEMIN,_Giovanni 20050
DENIS,_Simon-Joseph-Alexandre-Clément 20051
DEODATO_DI_ORLANDI 20052
DEPPE,_Ludwig 20053
DERUET,_Claude 20054
DESBOUTIN,_Marcellin 20055
DESHAYS,_Jean-Baptiste 20056
DESPORTES,_Alexandre-François 20057
DESUBLEO,_Michele 20058
DETAILLE,_Jean_Baptiste_Edouard 20059
DEVIS,_Anthony 20060
DEVIS,_Arthur 20061
DEVIS,_Arthur_William 20062
DEVÉRIA,_Eug?ne-François-Marie-Joseph 20063
DEWHURST,_Wynford 20064
DEWING,_Thomas_Wilmer 20065
DEÁK-ÉBNER,_Lajos 20066
DIANA,_Benedetto 20067
DIANA,_Giacinto 20068
DIAZ_DE_LA_PE?A,_Narcisse_Virgile 20069
DIETISALVI_DI_SPEME 20070
DIETRICH,_Christian_Wilhelm_Ernst 20071
DIEUSSART,_François 20072
DIJCK,_Abraham_van 20073
DIJCK,_Floris_Claesz_van 20074
DIJK,_Philip_van 20075
DILLENS,_Hendrick_Joseph 20076
DIZIANI,_Antonio 20077
DIZIANI,_Gaspare 20078
DOBSON,_William 20079
DOLCI,_Carlo 20080
DOMENICHINI,_Apollonio 20081
DOMENICHINO 20082
DOMENICO_DA_TOLMEZZO 20083
DOMENICO_DI_BARTOLO 20084
DOMENICO_DI_MICHELINO 20085
DOMENICO_VENEZIANO 20086
DONATO 20087
DONCK,_Gerard 20088
DONCKT,_François_van_der 20089
DONÁT,_János 20090
DORFFMEISTER,_István 20091
DORFFMEISTER,_József 20092
DORIGNY,_Louis 20093
DORIGNY,_Michel 20094
DOSSI,_Battista 20095
DOSSI,_Dosso 20096
DOU,_Gerrit 20097
DOUFFET,_Gérard 20098
DOUVEN,_Frans_Bartholomeus 20099
DOUVEN,_Jan_Frans 20100
DRECHSLER,_Johann_Baptist 20101
DREYER,_Dankvart 20102
DROLLING,_Martin 20103
DROOCHSLOOT,_Joost_Cornelisz. 20104
DROST,_Willem 20105
DROUAIS,_François-Hubert 20106
DROUAIS,_Jean-Germain 20107
DUBBELS,_Hendrik_Jakobsz. 20108
DUBOIS-DRAHONET,_Alexandre-Jean 20109
DUBOIS-PILLET,_Albert 20110
DUBORDIEU,_Pieter 20111
DUBREUIL,_Toussaint 20112
DUBUFE,_Claude-Marie 20113
DUCCIO_di_Buoninsegna 20114
DUCK,_Jacob 20115
DUCQ,_Joseph-François 20116
DUCREUX,_Rose-Adélaide 20117
DUGHET,_Gaspard 20118
DUGONI,_Antonio 20119
DUJARDIN,_Karel 20120
DUMONSTIER,_Pierre 20121
DUMONT,_François 20122
DUNOUY,_Alexandre_Hyacinthe 20123
DUPLESSIS,_Joseph-Siffred 20124
DUPRÉ,_Jules 20125
DUPRÉ,_Julien 20126
DUPRÉ,_Louis 20127
DUPUYS,_Pierre 20128
DURAND,_Asher_Brown 20129
DURAND-BRAGER,_Jean_Baptiste_Henri 20130
DUSART,_Cornelis 20131
DUYFHUIJSEN,_Pieter_Jacobsz. 20132
DUYNEN,_Isaac_van 20133
DUYSTER,_Willem_Cornelisz. 20134
DYCE,_William 20135
DYCK,_Sir_Anthony_van 20136
DÍAZ,_Diego_Valentín 20137
DÜRER,_Albrecht 20138
EAKINS,_Thomas 20139
EARL,_Ralph 20140
ECKARDT,_Christian_Frederik_Emil 20141
ECKERSBERG,_Christoffer_Wilhelm 20142
EDELFELT,_Albert 20143
EECKHOUT,_Gerbrand_van_den 20144
EERTVELT,_Andries_van 20145
EGMONT,_Justus_van 20146
EKELS,_Jan_II 20147
ELIAERTS,_Jan_Frans 20148
ELINGA,_Pieter_Janssens 20149
ELSEVIER,_Louys_Aernoutsz 20150
ELSHEIMER,_Adam 20151
ENDER,_Johann 20152
ENDER,_Thomas 20153
ENGEBRECHTSZ.,_Cornelis 20154
ENGERT,_Erasmus 20155
ENSOR,_James 20156
EPINAY,_Prosper_d' 20157
ERIKSEN,_Vigilius 20158
ERRI,_Agnolo_degli 20159
ERRI,_Bartolomeo_degli 20160
ES,_Jacob_van 20161
ESCALANTE,_Juan_Antonio_Frias_y 20162
ESPINOSA,_Juan_Bautista_de 20163
ESPINOSA,_Juan_de 20164
ESQUIVEL_Y_SUÁREZ_DE_URBINA,_Antonio_Maria 20165
ESSELENS,_Jacob 20166
ESTEVE_Y_MARQUES,_Agustín 20167
EVENEPOEL,_Henri 20168
EVERDINGEN,_Allaert_van 20169
EVERDINGEN,_Caesar_van 20170
EVERSDIJCK,_Willem 20171
EXNER,_Johan_Julius 20172
EYCK,_Barthélemy_d' 20173
EYCK,_Gaspard_van 20174
EYCK,_Hubert_van 20175
EYCK,_Jan_van 20176
FABBRINI,_Giuseppe_Antonio 20177
FABER_VON_CREUZNACH,_Conrad 20178
FABRE,_François-Xavier 20179
FABRIS,_Pietro 20180
FABRITIUS,_Barent 20181
FABRITIUS,_Carel 20182
FACCHETTI,_Pietro 20183
FACCINI,_Pietro 20184
FAGAN,_Robert 20185
FALCIATORE,_Filippo 20186
FALCONE,_Aniello 20187
FALCONETTO,_Giovanni_Maria 20188
FANTIN-LATOUR,_Henri 20189
FANZAGO,_Cosimo 20190
FARGUE,_Jacob_Elias_La 20191
FARGUE,_Paulus_Constantijn_La 20192
FARINATI,_Paolo 20193
FASOLO,_Bernardino 20194
FASOLO,_Giovanni_Antonio 20195
FATTORI,_Giovanni 20196
FAVRETTO,_Giacomo 20197
FEARNLEY,_Thomas 20198
FEDDES,_Pieter 20199
FENDI,_Peter 20200
FERENCZY,_Károly 20201
FERG,_Franz_de_Paula 20202
FERNANDES,_Vasco 20203
FERNELEY,_John 20204
FERNÁNDEZ,_Alejo 20205
FERNÁNDEZ,_Juan 20206
FERNÁNDEZ,_Pedro 20207
FERRARI,_Defendente 20208
FERRARI,_Gaudenzio 20209
FERRARI,_Gregorio_de 20210
FERRARI,_Lorenzo_de' 20211
FERRARI,_Luca 20212
FERRI,_Ciro 20213
FETTI,_Domenico 20214
FETTI,_Lucrina 20215
FEUERBACH,_Anselm_Friedrich 20216
FIAMMINGO,_Paolo 20217
FICHERELLI,_Felice 20218
FIDANI,_Orazio 20219
FIGINO,_Giovanni_Ambrogio 20220
FILIPPO_DA_VERONA 20221
FINCH,_Alfred_William 20222
FINSON,_Louis 20223
FINÉ,_Oronce 20224
FIORENZO_DI_LORENZO 20225
FISCHBACH,_Johann 20226
FISCHER,_Josef_Vinzenz 20227
FLAMENG,_François 20228
FLANDRIN,_Hippolyte 20229
FLEGEL,_Georg 20230
FLINCK,_Govert_Teunisz. 20231
FLORIGERIO,_Sebastiano 20232
FLORIS,_Frans 20233
FLÉMAL,_Bertholet 20234
FOCCHI,_Ferdinando 20235
FOGOLINO,_Marcello 20236
FOHR,_Carl_Philipp 20237
FONTANA,_Lavinia 20238
FONTANA,_Prospero 20239
FONTANESI,_Antonio 20240
FONTEBASSO,_Francesco 20241
FOPPA,_Vincenzo 20242
FORABOSCO,_Girolamo 20243
FORAIN,_Jean-Louis 20244
FORTE,_Luca 20245
FORTUNY_Y_MARSAL,_Mariano 20246
FOSCHI,_Francesco 20247
FOSCHI,_Pierfrancesco_di_Jacopo 20248
FOUQUET,_Jean 20249
FOUQUIER,_Jacques 20250
FRAGONARD,_Alexandre-Évariste 20251
FRAGONARD,_Jean-Honoré 20252
FRANCESCHINI,_Baldassarre 20253
FRANCESCHINI,_Marcantonio 20254
FRANCESCO_D'ANTONIO_DI_BARTOLOMMEO 20255
FRANCESCO_DA_RIMINI 20256
FRANCESCO_DE'_FRANCESCHI 20257
FRANCESCO_DI_GIORGIO_MARTINI 20258
FRANCESCO_DI_SIMONE_DA_SANTACROCE 20259
FRANCESCO_DI_VANNUCCIO 20260
FRANCHI,_Antonio 20261
FRANCHOYS,_Pieter 20262
FRANCIA,_Francesco 20263
FRANCIABIGIO 20264
FRANCKEN,_Frans_II 20265
FRANCKEN,_Frans_III 20266
FRANCKEN,_Hieronymus,_I 20267
FRANCKEN,_Hieronymus,_II 20268
FRANCKEN,_Hieronymus,_III 20269
FRANCO,_Battista 20270
FRANCÉS,_Nicolás 20271
FRANGIPANE,_Niccol? 20272
FRANQUE,_Jean-Pierre 20273
FRATELLINI,_Giovanna 20274
FREDIANI,_Vincenzo_di_Antonio 20275
FREY,_Johannes_Jakob 20276
FRIEDRICH,_Caspar_David 20277
FRIESEKE,_Frederick_Carl 20278
FROMANTIOU,_Hendrick_de 20279
FROMENT,_Nicolas 20280
FROMENTIN,_Eug?ne 20281
FROST,_William_Edward 20282
FRUEAUF,_Rueland_the_Elder 20283
FUMIANI,_Giovanni_Antonio 20284
FUNGAI,_Bernardino 20285
FURINI,_Francesco 20286
FUSELI,_John_Henry 20287
FYT,_Jan 20288
FÉNYES,_Adolf 20289
FÜGER,_Friedrich_Heinrich 20290
FÜHRICH,_Joseph_von 20291
GABBIANI,_Anton_Domenico 20292
GADDI,_Agnolo 20293
GADDI,_Gaddo 20294
GADDI,_Taddeo 20295
GAGNERAUX,_Bénigne 20296
GAINSBOROUGH,_Thomas 20297
GALEN,_Nicolaes_van 20298
GALEOTTI,_Sebastiano 20299
GALIZIA,_Fede 20300
GALLARDO,_Mateo 20301
GALLE,_Hieronymus 20302
GALLEGO,_Fernando 20303
GALLEN-KALLELA,_Akseli 20304
GALLIARI,_Bernardino 20305
GAMBARA,_Lattanzio 20306
GANDOLFI,_Gaetano 20307
GANDOLFI,_Mauro 20308
GANDOLFI,_Ubaldo 20309
GANDOLFINO_DA_RORETO 20310
GARBIERI,_Lorenzo 20311
GARCIA,_Pere 20312
GAREMIJN,_Jan_Antoon 20313
GARGIULO,_Domenico 20314
GARNIER,_François 20315
GAROFALO 20316
GAROLI_Pietro_Francesco 20317
GARRARD,_George 20318
GARZI,_Luigi 20319
GARZONI,_Giovanna 20320
GASCAR,_Henri 20321
GASSEL,_Lucas 20322
GASSIES,_Jean-Bruno 20323
GATTI,_Bernardino 20324
GAUFFIER,_Louis 20325
GAUGUIN,_Paul 20326
GEEL,_Jacob_van 20327
GEERTGEN_tot_Sint_Jans 20328
GEFFELS,_Frans 20329
GELATI,_Lorenzo 20330
GELDER,_Aert_de 20331
GELDORP,_Gortzius 20332
GEMITO,_Vincenzo 20333
GENGA,_Girolamo 20334
GENNARI,_Benedetto_I 20335
GENNARI,_Benedetto_II 20336
GENNARI,_Cesare 20337
GENTILE_DA_FABRIANO 20338
GENTILESCHI,_Artemisia 20339
GENTILESCHI,_Orazio 20340
GERUNG,_Matthias 20341
GERVEX,_Henri 20342
GHEERAERTS,_Marcus_the_Younger 20343
GHERARDI,_Antonio 20344
GHERARDI,_Cristofano 20345
GHERARDI,_Filippo 20346
GHERARDINI,_Tommaso 20347
GHERARDO_DI_GIOVANNI_DEL_FORA 20348
GHERARDUCCI,_Don_Silvestro_dei 20349
GHEYN,_Jacob_de_II 20350
GHEZZI,_Pier_Leone 20351
GHIRLANDAIO,_Davide 20352
GHIRLANDAIO,_Domenico 20353
GHIRLANDAIO,_Ridolfo 20354
GHISLANDI,_Giuseppe 20355
GHISOLFI,_Giovanni 20356
GIAMBONO,_Michele 20357
GIAMPIETRINO 20358
GIANI,_Felice 20359
GIANNICOLA_DI_PAOLO 20360
GIAQUINTO,_Corrado 20361
GIBSON,_Thomas 20362
GIGOLA,_Giambattista 20363
GIJSBRECHTS,_Cornelis_Norbertus 20364
GIJSBRECHTS,_Franciscus 20365
GIJSELS,_Pieter 20366
GILLEMANS,_Jan_Pauwel_the_Elder 20367
GILLEMANS,_Jan_Pauwel_the_Younger 20368
GILLIS,_Nicolaes 20369
GILLOT,_Claude 20370
GILMAN,_Harold 20371
GILPIN,_Sawrey 20372
GIMENO_ARASA,_Francisco 20373
GIOLFINO,_Niccol? 20374
GIORDANO,_Luca 20375
GIORGIONE 20376
GIOTTINO 20377
GIOTTO_di_Bondone 20378
GIOVANETTI,_Matteo 20379
GIOVANNI_AGOSTINO_DA_LODI 20380
GIOVANNI_ANGELO_D'ANTONIO 20381
GIOVANNI_D'ALEMAGNA 20382
GIOVANNI_DA_MILANO 20383
GIOVANNI_DA_MODENA 20384
GIOVANNI_DA_ORIOLO 20385
GIOVANNI_DA_RIMINI 20386
GIOVANNI_DA_SAN_GIOVANNI 20387
GIOVANNI_DA_UDINE 20388
GIOVANNI_DAL_PONTE 20389
GIOVANNI_DEL_BIONDO 20390
GIOVANNI_DI_BARTOLOMEO_CRISTIANI 20391
GIOVANNI_DI_FRANCESCO_DEL_CERVELLIERA 20392
GIOVANNI_DI_NICOLA_DA_PISA 20393
GIOVANNI_DI_PAOLO 20394
GIOVANNI_DI_PIAMONTE 20395
GIOVANNI_FRANCESCO_DA_RIMINI 20396
GIOVANNI_da_Bologna 20397
GIRODET_DE_ROUCY-TRIOSON,_Anne-Louis 20398
GIROLAMO_DA_TREVISO_the_Younger 20399
GIROLAMO_DI_BENVENUTO 20400
GIROLAMO_DI_GIOVANNI_DA_CAMERINO 20401
GIROLAMO_del_Pacchia 20402
GIULIO_ROMANO 20403
GIUNTA_PISANO 20404
GIUSTO_de'_Menabuoi 20405
GLAMA_STRÖBERLE,_Jo?o 20406
GLEYRE,_Charles-Gabriel 20407
GLOVER,_John 20408
GOBERT,_Pierre 20409
GOBIN,_Michel 20410
GODERIS,_Hans 20411
GOENEUTTE,_Norbert 20412
GOES,_Hugo_van_der 20413
GOGH,_Vincent_van 20414
GOLTZIUS,_Hendrick 20415
GONZAL?S,_Eva 20416
GONZÁLEZ_VELÁZQUEZ,_Antonio 20417
GONZÁLEZ_VELÁZQUEZ,_Zacarías 20418
GONZÁLEZ_Y_SERRANO,_Bartolomé 20419
GONÇALVES,_Nuno 20420
GOOCH,_Thomas 20421
GORDIGIANI,_Michele 20422
GORDON,_John_Watson 20423
GORE,_Spencer_Frederick 20424
GOSSART,_Jan 20425
GOSSE,_Nicolas-Louis-François 20426
GOTTSCHALK,_Albert 20427
GOURMONT,_Jean_de 20428
GOVAERTS,_Abraham 20429
GOYA_Y_LUCIENTES,_Francisco_de 20430
GOYEN,_Jan_van 20431
GOZZOLI,_Benozzo 20432
GRAAT,_Barent 20433
GRAEB,_Carl_Georg_Anton 20434
GRAFF,_Anton 20435
GRAMATICA,_Antiveduto 20436
GRAN,_Daniel 20437
GRANACCI,_Francesco 20438
GRANET,_François-Marius 20439
GRASDORP,_Willem 20440
GRASSI,_Nicola 20441
GREBBER,_Frans_Pietersz._de 20442
GREBBER,_Pieter_de 20443
GRECO,_El 20444
GRECO,_Gennaro 20445
GREGORIO_DI_CECCO 20446
GREGORIUS,_Albert 20447
GREUZE,_Jean-Baptiste 20448
GREVENBROECK,_Alessandro 20449
GREVENBROECK,_Orazio 20450
GRIFFIER,_Jan_I 20451
GRIFO_DI_TANCREDI 20452
GRIGOLETTI,_Michelangelo 20453
GRIGORESCU,_Nicolae 20454
GRIMALDI,_Giovanni_Francesco 20455
GRIMMER,_Abel 20456
GRIMMER,_Jacob 20457
GRIMOU,_Alexis 20458
GRISÉE,_Louis-Joseph 20459
GROHAR,_Ivan 20460
GRONDONCK,_Bartholomeus 20461
GROS,_Antoine-Jean 20462
GRUBACS,_Carlo 20463
GRUND,_Norbert 20464
GRYEF,_Adriaen_de 20465
GRÉSELY,_Gabriel-Gaspard 20466
GRÜNEWALD,_Matthias 20467
GUALTIERO_PADOVANO 20468
GUARANA,_Jacopo 20469
GUARDI,_Francesco 20470
GUARDI,_Giacomo 20471
GUARDI,_Gianantonio 20472
GUARIENTO_d'Arpo 20473
GUARINO,_Francesco 20474
GUERCINO 20475
GUGLIELMI,_Gregorio 20476
GUGLIELMO_VENEZIANO 20477
GUIDO_DA_SIENA 20478
GUIDO_DI_GRAZIANO 20479
GUIDOBONO,_Bartolomeo 20480
GUIDOBONO,_Domenico 20481
GUIDOTTI,_Paolo 20482
GUILLAUMIN,_Armand 20483
GUNDELACH,_Matthäus 20484
GUTHRIE,_James 20485
GUTIÉRREZ_CABELLO,_Francisco 20486
GUTIÉRREZ,_Juan_Simón 20487
GUTTENBRUNN,_Ludwig 20488
GUÉRIN,_Jean-Urbain 20489
GUÉRIN,_Paulin-Jean-Baptiste 20490
GUÉRIN,_Pierre-Narcisse 20491
GÄRTNER,_Eduard 20492
GÉRARD,_François 20493
GÉRARD,_Marguerite 20494
GÉRICAULT,_Théodore 20495
GÉRÔME,_Jean-Léon 20496
GÜNTHER,_Matthäus 20497
HAAGEN,_Joris_Abrahamsz._van_der 20498
HABERLE,_John 20499
HABERT,_François 20500
HACKAERT,_Jan 20501
HACKERT,_Jacob_Philipp 20502
HAECHT,_Willem_van 20503
HAEN,_David_de 20504
HAENSBERGEN,_Johan_van 20505
HAES,_Carlos_de 20506
HAFFNER,_Enrico_Giovanni 20507
HAGEN,_August_Mathias 20508
HAGUENAUER,_Nikolaus 20509
HALE,_Philip_Leslie 20510
HALL,_Peter_Adolf 20511
HALLÉ,_Noël 20512
HALS,_Dirck 20513
HALS,_Frans 20514
HALS,_Frans_II 20515
HALS,_Harmen 20516
HALS,_Nicolaes 20517
HAMEN,_Juan_van_der 20518
HAMILTON,_Gavin 20519
HAMILTON,_Hugh_Douglas 20520
HAMILTON,_Johann_Georg_de 20521
HAMILTON,_John 20522
HAMILTON,_Philipp_Ferdinand_de 20523
HAMILTON,_William 20524
HAMMERSH?I,_Vilhelm 20525
HANNEMAN,_Adriaen 20526
HANSCH,_Anton 20527
HANSEN,_Constantin 20528
HARLOW,_George_Henry 20529
HARNETT,_William_Michael 20530
HARPIGNIES,_Henri-Joseph 20531
HARTMANN,_Johannes_Jakob 20532
HASENCLEVER,_Johann_Peter 20533
HASSAM,_Childe 20534
HASSELT,_Jacob_Gerritsz._van 20535
HAU,_Edward_Petrovich 20536
HAUDEBOURT-LESCOT,_Hortense 20537
HAVERMAN,_Margareta 20538
HAWKINS,_Louis_Welden 20539
HAYDON,_Benjamin_Robert 20540
HAYEZ,_Francesco 20541
HAYTER,_George 20542
HEADE,_Martin_Johnson 20543
HEDA,_Willem_Claesz. 20544
HEEM,_Cornelis_de 20545
HEEM,_David_Cornelisz._de 20546
HEEM,_Jan_Davidsz._de 20547
HEEMSKERCK,_Egbert_van,_the_Younger 20548
HEEMSKERCK,_Maerten_van 20549
HEEREMANS,_Thomas 20550
HEIDELOFF,_Josef 20551
HEIM,_François-Joseph 20552
HEINTZ,_Joseph_the_Elder 20553
HEINTZ,_Joseph_the_Younger 20554
HEISS,_Johann 20555
HELLEU,_Paul-César 20556
HELMONT,_Mattheus_van 20557
HELST,_Bartholomeus_van_der 20558
HELT_STOCKADE,_Nicolaes_van 20559
HEMESSEN,_Catharina_van 20560
HEMESSEN,_Jan_Sanders_van 20561
HENNINGSEN,_Frants_Peter_Diderik 20562
HERLIN,_Friedrich 20563
HERP,_Willem_van,_the_Elder 20564
HERRERA,_Francisco_de,_the_Elder 20565
HERRERA,_Francisco_de,_the_Younger 20566
HERREYNS,_Willem 20567
HERRING,_John_Frederick_the_Elder 20568
HERRING,_John_Frederick_the_Younger 20569
HESS,_Heinrich_Maria_von 20570
HESS,_Peter_von 20571
HETSCH,_Philipp_Friedrich_von 20572
HEUSCH,_Jacob_de 20573
HEUSCH,_Willem_de 20574
HEUSSEN,_Claes_van 20575
HEYDEN,_Jan_van_der 20576
HEYERDAHL,_Hans_Olaf 20577
HICKEY,_Thomas 20578
HIEPES,_Tomás 20579
HIGHMORE,_Joseph 20580
HILLIARD,_Nicholas 20581
HOARE,_Prince 20582
HOARE,_William 20583
HOBBEMA,_Meyndert 20584
HOCHHAUSER,_Ephraim 20585
HODGES,_William 20586
HODLER,_Ferdinand 20587
HOECKE,_Jan_van_den 20588
HOEFNAGEL,_Joris 20589
HOET,_Gerard_I 20590
HOFFMANN,_Hans 20591
HOGARTH,_William 20592
HOLBEIN,_Ambrosius 20593
HOLBEIN,_Hans_the_Elder 20594
HOLBEIN,_Hans_the_Younger 20595
HOLL,_Frank 20596
HOLLÓSY,_Simon 20597
HOLSTEYN,_Cornelis 20598
HOLT,_Edwin_Frederick 20599
HOMER,_Winslow 20600
HONDECOETER,_Gijsbert_Gillisz._de 20601
HONDECOETER,_Gillis_Claesz._d' 20602
HONDECOETER,_Melchior_d' 20603
HONDIUS,_Abraham_Danielsz. 20604
HONE,_Nathaniel_the_Elder 20605
HONTHORST,_Gerrit_van 20606
HOOCH,_Pieter_de 20607
HOOGSTRATEN,_Samuel_van 20608
HOPPNER,_John 20609
HOREMANS,_Jan_Jozef_I 20610
HOREMANS,_Jan_Jozef_II 20611
HORENBOUT,_Gerard 20612
HORENBOUT,_Lucas 20613
HOUASSE,_Michel-Ange 20614
HOUBRAKEN,_Arnold 20615
HOUCKGEEST,_Gerard 20616
HOWARD,_Henry 20617
HUBER,_Jean 20618
HUBER,_Wolf 20619
HUCHTENBURG,_Jan_van 20620
HUDE?EK,_Antonín 20621
HUDSON,_Thomas 20622
HUET,_Christophe 20623
HUET,_Jean-Baptiste-Marie_I 20624
HUGGINS,_William_John 20625
HUGUET,_Jaume 20626
HUILLIOT,_Pierre_Nicolas 20627
HULSDONCK,_Jacob_van 20628
HUMBERT_DE_SUPERVILLE,_David_Pierre_Giottino 20629
HUMMEL,_Johann_Erdmann 20630
HUNT,_William_Holman 20631
HUPIN,_Jacques 20632
HUYSMANS,_Jacob 20633
HUYSMANS,_Jan_Baptist 20634
HUYSUM,_Jan_van 20635
HUYSUM,_Justus_van,_I 20636
HÜBNER,_Julius 20637
IBBETSON,_Julius_Caesar 20638
IBI,_Sinibaldo 20639
INGLÉS,_Jorge 20640
INGRES,_Jean-Auguste-Dominique 20641
INNESS,_George 20642
IRIARTE,_Ignacio_de 20643
ISABEY,_Eug?ne 20644
ISENBRANT,_Adriaen 20645
ISRAËLS,_Jozef 20646
ITTENBACH,_Franz 20647
IVERNY,_Jacques 20648
IVÁNYI_GRÜNWALD,_Béla 20649
JACKSON,_Gilbert 20650
JACOBELLO_DEL_BONOMO 20651
JACOBELLO_DEL_FIORE 20652
JACOBSZ.,_Dirck 20653
JACOBSZ.,_Juriaen 20654
JACOBSZ.,_Lambert 20655
JACOMART,_Jaume_Baço 20656
JACOMETTO_VENEZIANO 20657
JACOPO_DA_EMPOLI 20658
JACOPO_DA_MONTAGNANA 20659
JACOPO_DA_VALENZA 20660
JACOPO_DI_CIONE 20661
JACOPO_del_CASENTINO 20662
JACOPO_del_SELLAIO 20663
JACQUAND,_Claudius 20664
JACQUE,_Charles_Émile 20665
JANNECK,_Franz_Christoph 20666
JANSSENS,_Abraham 20667
JANSSENS,_Hieronymus 20668
JANSSENS,_Jan_Willem 20669
JANSSENS,_Victor_Honoré 20670
JAQUOTOT,_Marie-Victoire 20671
JEAN_DE_BEAUMETZ 20672
JEAURAT,_Etienne 20673
JENSEN,_Christian_Albrecht 20674
JERICHAU-BAUMANN,_Elisabeth 20675
JOLI,_Antonio 20676
JONES,_Thomas 20677
JONGH,_Ludolf_de 20678
JONGKIND,_Johan_Barthold 20679
JONSON_VAN_CEULEN,_Cornelius_the_Elder 20680
JONSON_VAN_CEULEN,_Cornelius_the_Younger 20681
JOOS_van_Wassenhove 20682
JORDAENS,_Jacob 20683
JORIS,_Pio 20684
JOSEPHSON,_Ernst 20685
JOUDERVILLE,_Isaac_de 20686
JOUVENET,_Jean-Baptiste 20687
JUAN_DE_FLANDES 20688
JUANES,_Juan_de 20689
JUEL,_Jens_J?rgensen 20690
JÄRNEFELT,_Eero 20691
K?BKE,_Christen 20692
KALF,_Willem 20693
KAMPER,_Godaert 20694
KAUFFMANN,_Angelica 20695
KAULBACH,_Wilhelm_von 20696
KAUW,_Albrecht 20697
KEIL,_Bernhard 20698
KEIRINCKX,_Alexander 20699
KENSETT,_John_Frederick 20700
KERCKHOVEN,_Jacob_van_de 20701
KERN,_Anton 20702
KERSEBOOM,_Friedrich 20703
KERSTING,_Georg_Friedrich 20704
KESSEL,_Jan_van 20705
KESSEL,_Jan_van,_I 20706
KESSEL,_Jan_van,_II 20707
KETEL,_Cornelis 20708
KEUNINCK,_Kerstiaen_de 20709
KEY,_Adriaen_Thomasz 20710
KEY,_Willem 20711
KEYSER,_Nicaise_de 20712
KEYSER,_Thomas_de 20713
KICK,_Cornelis 20714
KICK,_Simon 20715
KINSOEN,_François-Joseph 20716
KLENZE,_Leo_von 20717
KNEBEL,_Franz 20718
KNELLER,_Sir_Godfrey 20719
KNIJFF,_Wouter 20720
KNIP,_Josephus_Augustus 20721
KNIP,_Mattheus_Derk 20722
KNIP,_Nicolaas_Frederik 20723
KNOLLER,_Martin 20724
KNYFF,_Jacob 20725
KNÜPFER,_Nicolaus 20726
KOBELL,_Hendrik 20727
KOBELL,_Jan_II 20728
KOBELL,_Wilhelm_von 20729
KOCH,_Joseph_Anton 20730
KOEDIJCK,_Isaack 20731
KOEKKOEK,_Barend_Cornelis 20732
KOERBECKE,_Johann 20733
KOETS,_Roelof 20734
KOLLONITSCH,_Christian 20735
KONINCK,_Daniël_de 20736
KONINCK,_Philips 20737
KONINCK,_Salomon 20738
KONRAD_von_Soest 20739
KOPISCH,_August 20740
KOROVIN,_Konstantin_Alekseyevich 20741
KR?YER,_Peter_Severin 20742
KRACKER,_Johann_Lucas 20743
KRAEN,_Adriaen_Jansz. 20744
KRAFFT,_Johann_Peter 20745
KRAFFT,_Per_the_Elder 20746
KREUGER,_Nils_Edvard 20747
KREUTZINGER,_Joseph 20748
KROHG,_Christian 20749
KRÜGER,_Franz 20750
KUCHARSKI,_Aleksander 20751
KUIJL,_Gerard_van 20752
KULMBACH,_Hans_Süss_von 20753
KUNST,_Cornelis_Cornelisz. 20754
KUPECKY,_Jan 20755
KYHN,_Vilhelm 20756
KÖNIG,_Johann 20757
L'ESTIN,_Jacques_de 20758
LA_FOSSE,_Charles_de 20759
LA_HIRE,_Laurent_de 20760
LA_THANGUE,_Henry_Herbert 20761
LA_TOUR,_Georges_de 20762
LA_TOUR,_Maurice_Quentin_de 20763
LABILLE-GUIARD,_Adélaide 20764
LACROIX,_Charles-François 20765
LAEMEN,_Christoffel_Jacobsz_van_der 20766
LAER,_Pieter_van 20767
LAGRENÉE,_Jean-Jacques 20768
LAGRENÉE,_Louis-Jean-François 20769
LAIRESSE,_Gérard_de 20770
LAJOUE,_Jacques_de 20771
LALLEMAND,_Jean-Baptiste 20772
LALLEMANT,_Georges 20773
LAMA,_Giulia 20774
LAMBERT,_George 20775
LAMPI,_Johann_Baptist_I 20776
LAMPI,_Johann_Baptist_II 20777
LANCRET,_Nicolas 20778
LANDI,_Gaspare 20779
LANDON,_Charles_Paul 20780
LANDSEER,_Charles 20781
LANDSEER,_Sir_Edwin_Henry 20782
LANE,_Fitz_Hugh 20783
LANEN,_Jasper_van_der 20784
LANEUVILLE,_Jean-Louis 20785
LANFRANCO,_Giovanni 20786
LANGETTI,_Giovanni_Battista 20787
LANGLOIS,_Jérôme-Martin 20788
LANINO,_Bernardino 20789
LAPITO,_Louis-Auguste 20790
LAPORTE,_George_Henry 20791
LARCIANI,_Giovanni_di_Lorenzo 20792
LARGILLI?RE,_Nicolas_de 20793
LASSALLE-BORDES,_Gustave 20794
LASTMAN,_Pieter_Pietersz. 20795
LAURENS,_Jean-Paul 20796
LAURETI,_Tommaso 20797
LAURI,_Filippo 20798
LAWRENCE,_Sir_Thomas 20799
LAWSON,_Ernst 20800
LAZZARINI,_Gregorio 20801
LE_BRUN,_Charles 20802
LE_GROS,_Pierre_the_Younger 20803
LE_LORRAIN,_Louis-Joseph 20804
LE_NAIN_brothers 20805
LE_PRINCE,_Jean-Baptiste 20806
LE_SUEUR,_Eustache 20807
LEAR,_Edward 20808
LEBARBIER,_Jean-Jacques-François 20809
LEBEDA,_Otakar 20810
LEBOURG,_Albert-Charles 20811
LECLERC,_Jean 20812
LEDERER,_Jörg 20813
LEDESMA,_Blas_de 20814
LEE,_Frederick_Richard 20815
LEEMANS,_Johannes 20816
LEEMPUT,_Remigius_van 20817
LEEN,_Willem_van 20818
LEERMANS,_Pieter 20819
LEF?VRE,_Robert 20820
LEFEBVRE,_Claude 20821
LEFEBVRE,_Jules-Joseph 20822
LEGA,_Silvestro 20823
LEGROS,_Alphonse 20824
LEHMANN,_Henri 20825
LEIBL,_Wilhelm 20826
LEICHER,_Felix_Ivo 20827
LEICKERT,_Charles_Henri_Joseph 20828
LEISTIKOW,_Walter 20829
LEITCH,_William_Leighton 20830
LELIE,_Adriaan_de 20831
LELY,_Sir_Peter 20832
LEMBERGER,_Georg 20833
LEMMEN,_Georges 20834
LEMOINE,_Marie-Victoire 20835
LEMONNIER,_Anicet-Charles-Gabriel 20836
LEMOYNE,_François 20837
LENBACH,_Franz_von 20838
LENS,_Andries_Cornelis 20839
LEONARDO_DA_PISTOIA 20840
LEONARDO_DI_BERNARDINO_DEL_SIGNORACCIO 20841
LEONARDO_da_Vinci 20842
LEONI,_Ottavio 20843
LEONI,_Pompeo 20844
LEPRINCE,_Auguste-Xavier 20845
LEROLLE,_Henry 20846
LETHI?RE,_Guillaume 20847
LEUTZE,_Emanuel_Gottlieb 20848
LEVECQ,_Jacobus 20849
LEVITAN,_Isaak_Ilyich 20850
LEVITSKY,_Dmitry_Grigorevich 20851
LEYDEN,_Aertgen_van 20852
LEYDEN,_Lucas_van 20853
LEYGEBE,_Paul_Carl 20854
LEYS,_Henri 20855
LEYSTER,_Judith 20856
LEYTENS,_Gysbrecht 20857
LHERMITTE,_Léon-Augustin 20858
LIBALT,_Gottfried 20859
LIBERALE_da_Verona 20860
LIBERI,_Marco 20861
LIBERI,_Pietro 20862
LICINIO,_Bernardino 20863
LIEBERMANN,_Max 20864
LIEFERINXE,_Josse 20865
LIEVENS,_Jan 20866
LIEZEN-MAYER,_Sándor 20867
LIGETI,_Antal 20868
LIGORIO,_Pirro 20869
LIGOZZI,_Jacopo 20870
LIMOSIN,_Jean 20871
LIMOSIN,_Léonard 20872
LIN,_Herman_van 20873
LINARD,_Jacques 20874
LINGELBACH,_Johannes 20875
LINT,_Hendrik_Frans_van 20876
LINT,_Pieter_van 20877
LION,_Angelo 20878
LIONE,_Andrea_di 20879
LIOTARD,_Étienne 20880
LIPPARINI,_Ludovico 20881
LIPPI,_Filippino 20882
LIPPI,_Fra_Filippo 20883
LIPPI,_Lorenzo 20884
LIPPO_D'ANDREA_DI_LIPPO 20885
LIPPO_DI_DALMASIO 20886
LISAERT,_Pieter_III 20887
LISIEWSKA,_Anna_Dorothea 20888
LISS,_Johann 20889
LISSE,_Dirck_van_der 20890
LLANOS_VALDÉS,_Sebastián_de 20891
LLANOS,_Fernando 20892
LOARTE,_Alejandro_de 20893
LOCATELLI,_Andrea 20894
LOCHNER,_Stefan 20895
LOIR,_Luigi 20896
LOISEAU,_Gustave 20897
LOMAZZO,_Giovan_Paolo 20898
LOMBARD,_Lambert 20899
LOMBARDI,_Giovanni_Domenico 20900
LONGHI,_Alessandro 20901
LONGHI,_Barbara 20902
LONGHI,_Luca 20903
LONGHI,_Pietro 20904
LOO,_Carle_van 20905
LOO,_Charles-Amédée-Philippe_van 20906
LOO,_César_van 20907
LOO,_Jacob_van 20908
LOO,_Jean-Baptiste_van 20909
LOO,_Louis_Michel_van 20910
LOON,_Theodoor,_van 20911
LOOS,_Friedrich 20912
LORENTINO_D'AREZZO 20913
LORENZETTI,_Ambrogio 20914
LORENZETTI,_Pietro 20915
LORENZO_DA_VITERBO 20916
LORENZO_DI_ALESSANDRO_DA_SANSEVERINO 20917
LORENZO_DI_CREDI 20918
LORENZO_DI_NICCOL?_DI_MARTINO 20919
LORENZO_Monaco 20920
LORENZO_VENEZIANO 20921
LORME,_Anthonie_de 20922
LOTH,_Johann_Karl 20923
LOTTO,_Lorenzo 20924
LOTZ,_Károly 20925
LOUTHERBOURG,_Philip_Jacques_de 20926
LUCA_DI_TOMM? 20927
LUCAS_VELÁZQUEZ,_Eugenio 20928
LUCE,_Lucas 20929
LUCE,_Maximilien 20930
LUCHIAN,_?tefan 20931
LUINI,_Bernardino 20932
LUND,_Johan_Ludwig_Gebhard 20933
LUNDBERG,_Gustaf 20934
LUNDBYE,_Johan_Thomas 20935
LUNY,_Thomas 20936
LUTI,_Benedetto 20937
LUTTICHUIJS,_Isaac 20938
LUTTICHUIJS,_Simon 20939
LUYCKX,_Christiaen 20940
LUYCKX,_Frans 20941
LÉPICIÉ,_Nicolas-Bernard 20942
LÓPEZ_Y_PIQUER,_Bernardo 20943
LÓPEZ_Y_PIQUER,_Luis 20944
LÓPEZ_Y_PORTA?A,_Vicente 20945
MAAS,_Dirk 20946
MACCARI,_Cesare 20947
MACCHIETTI,_Girolamo 20948
MACHUCA,_Pedro 20949
MACHY,_Pierre-Antoine_de 20950
MACLISE,_Daniel 20951
MACRINO_D'ALBA 20952
MACTAGGART,_William 20953
MADARÁSZ,_Viktor 20954
MAELLA,_Mariano_Salvador_de 20955
MAES,_Nicolaes 20956
MAESTRI,_Michelangelo 20957
MAFFEI,_Francesco 20958
MAGATTI,_Pietro_Antonio 20959
MAGGIOTTO,_Domenico 20960
MAGINI,_Carlo 20961
MAGNASCO,_Alessandro 20962
MAGNI,_Cesare 20963
MAGNO,_Giovanni_Battista 20964
MAHU,_Cornelis 20965
MAIANO,_Benedetto_da 20966
MAINARDI,_Bastiano 20967
MAINERI,_Gian_Francesco 20968
MAINO,_Fray_Juan_Bautista 20969
MAITLAND,_Paul 20970
MAKART,_Hans 20971
MAKOVSKY,_Aleksandr_Vladimirovich 20972
MAKOVSKY,_Konstantin_Yegorovich 20973
MALER,_Hans 20974
MALINCONICO,_Nicola 20975
MALLET,_Jean-Baptiste 20976
MALOMBRA,_Pietro 20977
MALOUEL,_Jean 20978
MALTESE,_Francesco 20979
MAN,_Cornelis_de 20980
MANCINI,_Francesco 20981
MANDER,_Karel_van,_III 20982
MANDER,_Karel_van,_the_Elder 20983
MANDIJN,_Jan 20984
MANET,_Edouard 20985
MANETTI,_Rutilio 20986
MANFREDI,_Bartolomeo 20987
MANFREDINO_DA_PISTOIA 20988
MANGLARD,_Adrien 20989
MANSUETI,_Giovanni 20990
MANTEGNA,_Andrea 20991
MANUEL,_Niklaus 20992
MARASTONI,_Jakab 20993
MARATTI,_Carlo 20994
MARCHETTI,_Ludovico 20995
MARCONI,_Rocco 20996
MARGARITO_D'AREZZO 20997
MARIESCHI,_Michele 20998
MARINARI,_Onorio 20999
MARIO_DEI_FIORI 21000
MARIOTTO_DI_NARDO 21001
MARIS,_Jacobus_Hendricus 21002
MARIS,_Matthijs 21003
MARIS,_Willem 21004
MARKÓ,_András 21005
MARKÓ,_Károly_the_Elder 21006
MARLOW,_William 21007
MARMION,_Simon 21008
MARMITTA,_Francesco 21009
MARON,_Anton_von 21010
MAROT,_Daniel_I 21011
MARREL,_Jacob 21012
MARSEUS_VAN_SCHRIECK,_Otto 21013
MARSHALL,_Benjamin 21014
MARSTRAND,_Wilhelm_Nicolai 21015
MARTIN,_David 21016
MARTIN,_Jean-Baptiste 21017
MARTIN,_John 21018
MARTIN,_Pierre-Denis 21019
MARTINELLI,_Giovanni 21020
MARTINO_DI_BARTOLOMMEO 21021
MARTORELL,_Bernat 21022
MARTSZEN,_Jan_the_Younger 21023
MARTÍNEZ,_Jusepe 21024
MARZAL_DE_SAX,_Andrés 21025
MARZIALE,_Marco 21026
MARÉES,_George_de 21027
MARÉES,_Hans_von 21028
MASACCIO 21029
MASIP,_Vicente 21030
MASO_DI_BANCO 21031
MASOLINO_da_Panicale 21032
MASSARI,_Giorgio 21033
MASSOT,_Firmin 21034
MASSYS,_Cornelis 21035
MASSYS,_Jan 21036
MASSYS,_Quentin 21037
MASTELLETTA 21038
MASTER_Bertram 21039
MASTER_FRANCKE 21040
MASTER_M_S 21041
MASTER_THEODERIC 21042
MASTER_THOMAS_de_Coloswar 21043
MASTER_of_1310 21044
MASTER_of_1416 21045
MASTER_of_1456 21046
MASTER_of_1540s 21047
MASTER_of_AB_Monogram 21048
MASTER_of_AC_Monogram 21049
MASTER_of_Alkmaar 21050
MASTER_of_Bigallo 21051
MASTER_of_Budapest 21052
MASTER_of_Citt?_di_Castello 21053
MASTER_of_Eggenburg 21054
MASTER_of_Female_Half-lengths 21055
MASTER_of_Flora 21056
MASTER_of_Flémalle 21057
MASTER_of_Frankfurt 21058
MASTER_of_Heiligenkreuz 21059
MASTER_of_Hohenfurth 21060
MASTER_of_Hoogstraeten 21061
MASTER_of_Magdalen 21062
MASTER_of_Marradi 21063
MASTER_of_Monte_Oliveto 21064
MASTER_of_Moulins 21065
MASTER_of_Pratovecchio 21066
MASTER_of_Saint_Cecilia 21067
MASTER_of_Saint_Gilles 21068
MASTER_of_Saint_Veronica 21069
MASTER_of_San_Francesco_Bardi 21070
MASTER_of_St_Francis 21071
MASTER_of_the_Acquavella_Still-Life 21072
MASTER_of_the_Acts_of_Mercy 21073
MASTER_of_the_Aix_Annunciation 21074
MASTER_of_the_Albertini 21075
MASTER_of_the_Avignon_School 21076
MASTER_of_the_Bambino_Vispo 21077
MASTER_of_the_Berswordt_Altarpiece 21078
MASTER_of_the_Blue_Crucifixes 21079
MASTER_of_the_Blue_Jeans 21080
MASTER_of_the_Borgo_Crucifix 21081
MASTER_of_the_Brunswick_Monogram 21082
MASTER_of_the_Burg_Weiler_Altarpiece 21083
MASTER_of_the_Cassoni_Campana 21084
MASTER_of_the_Castello_Nativity 21085
MASTER_of_the_Castello_della_Manta 21086
MASTER_of_the_Catholic_Kings 21087
MASTER_of_the_Clarisse_Panel 21088
MASTER_of_the_Codex_of_Saint_George 21089
MASTER_of_the_Dominican_Effigies 21090
MASTER_of_the_Fontainebleau_School 21091
MASTER_of_the_Hartford_Still-life 21092
MASTER_of_the_Holy_Blood 21093
MASTER_of_the_Holy_Kinship 21094
MASTER_of_the_Housebook 21095
MASTER_of_the_Isaac_Stories 21096
MASTER_of_the_Joseph_Sequence 21097
MASTER_of_the_Legend_of_Saint_Barbara 21098
MASTER_of_the_Legend_of_Saint_Lucy 21099
MASTER_of_the_Legend_of_Saint_Ursula_(I) 21100
MASTER_of_the_Legend_of_Saint_Ursula_(II) 21101
MASTER_of_the_Life_of_Saint_John_the_Baptist 21102
MASTER_of_the_Life_of_the_Virgin 21103
MASTER_of_the_Lille_Adoration 21104
MASTER_of_the_Munich_Marian_Panels 21105
MASTER_of_the_Osservanza 21106
MASTER_of_the_Palazzo_Venezia_Madonna 21107
MASTER_of_the_Parrot 21108
MASTER_of_the_Pesaro_Crucifix 21109
MASTER_of_the_Pfullendorf_Altar 21110
MASTER_of_the_Polling_Panels 21111
MASTER_of_the_Prodigal_Son 21112
MASTER_of_the_St._Bartholomew_Altar 21113
MASTER_of_the_Story_of_Griselda 21114
MASTER_of_the_Straus_Madonna 21115
MASTER_of_the_Trebon_Altarpiece 21116
MASTER_of_the_Vienna_Adoration 21117
MASTER_of_the_View_of_Ste_Gudule 21118
MASTER_of_the_Virgo_inter_Virgines 21119
MASTER_of_the_Votive_Picture_of_Sankt_Lambrecht 21120
MASTER_of_Ávila 21121
MATEJKO,_Jan 21122
MATES,_Joan 21123
MATTEINI,_Teodoro 21124
MATTEIS,_Paolo_de 21125
MATTEO_DI_PACINO 21126
MATTEO_di_Giovanni 21127
MATTHIEU,_Georg_David 21128
MAULBERTSCH,_Franz_Anton 21129
MAUPERCHÉ,_Henri 21130
MAURER,_Hubert 21131
MAUVE,_Anton 21132
MAY,_Edward_Harrison 21133
MAYER,_Marie-Constance 21134
MAYR,_Johann_Ulrich 21135
MAZO,_Juan_Bautista_Martinez_del 21136
MAZONE,_Giovanni 21137
MAZZA,_Tommaso_del 21138
MAZZANTI,_Ludovico 21139
MAZZIERE,_Agnolo_di_Domenico 21140
MAZZOLA_BEDOLI,_Girolamo 21141
MAZZOLA,_Giuseppe 21142
MAZZOLINO,_Ludovico 21143
MAZZONI,_Sebastiano 21144
MCCULLOCH,_Horatio 21145
MCNICOLL,_Helen_Galloway 21146
MECKEL,_Adolf_von 21147
MEDARD,_Jules-Ferdinand 21148
MEDIEVAL_SCULPTOR,_Italian 21149
MEDNYÁNSZKY,_László 21150
MEI,_Bernardino 21151
MEIFRÉN_Y_ROIG,_Eliseo 21152
MEISSONIER,_Jean-Louis-Ernest 21153
MELBYE,_Anton 21154
MELLIN,_Charles 21155
MELONE,_Altobello 21156
MELOZZO_DA_FORLI 21157
MELZI,_Francesco 21158
MELÉNDEZ,_Luis 21159
MEMBERGER,_Kaspar_the_Elder 21160
MEMLING,_Hans 21161
MEMMI,_Lippo 21162
MEMMO_DI_FILIPPUCCIO 21163
MENEGHELLO_di_Giovanni_de'_Canali 21164
MENGOZZI_COLONNA,_Girolamo 21165
MENGS,_Anton_Raphael 21166
MENJAUD,_Alexandre 21167
MENZEL,_Adolph_von 21168
MERCIER,_Philip 21169
MERCK,_Jacob_Fransz._van_der 21170
MERCK,_Johann_Christof 21171
MERIAN,_Matthäus_the_Younger 21172
MERSSEMAN,_Auguste_Joseph_Marie_de 21173
MESSMER,_Franz 21174
METCALF,_Willard_Leroy 21175
METSU,_Gabriel 21176
MEULEN,_Adam_Frans_van_der 21177
MEULENER,_Pieter 21178
MEYNIER,_Charles 21179
MEYTENS,_Martin_van,_II 21180
MICHALLON,_Achille-Etna 21181
MICHAU,_Théobald 21182
MICHEL,_Georges 21183
MICHELANGELO_Buonarroti 21184
MICHELE_DA_VERONA 21185
MICHELE_DI_MATTEO 21186
MICHELE_PANNONIO 21187
MICHELI,_Parrasio 21188
MICHELINO_DA_BESOZZO 21189
MICHETTI,_Nicola 21190
MIEL,_Jan 21191
MIELICH,_Hans 21192
MIEREVELD,_Michiel_Jansz._van 21193
MIERIS,_Frans_van,_the_Elder 21194
MIERIS,_Frans_van,_the_Younger 21195
MIERIS,_Jan_van 21196
MIERIS,_Willem_van 21197
MIGLIARA,_Giovanni 21198
MIGNARD,_Pierre 21199
MIGNON,_Abraham 21200
MIJ,_Hieronymus_van_der 21201
MIJN,_George_van_der 21202
MIJN,_Heroman_van_der 21203
MIJTENS,_Daniel_I 21204
MIJTENS,_Daniel_II 21205
MIJTENS,_Jan 21206
MILANI,_Aureliano 21207
MILDORFER,_Joseph_Ignaz 21208
MILI?EVI?,_Kosta 21209
MILLAIS,_Sir_John_Everett 21210
MILLET,_Jean-François 21211
MINARDI,_Tommaso 21212
MINDERHOUT,_Hendrik_van 21213
MIR_TRINXET,_Joaquím 21214
MIROU,_Anton 21215
MOCHI,_Francesco 21216
MOEYAERT,_Claes_Cornelisz. 21217
MOILLON,_Louise 21218
MOJA,_Federico 21219
MOL,_Pieter_van 21220
MOLA,_Pier_Francesco 21221
MOLENAER,_Jan_Miense 21222
MOLENAER,_Klaes 21223
MOLINERI,_Giovanni_Antonio 21224
MOLYN,_Pieter_de 21225
MOMMERS,_Hendrick 21226
MOMPER,_Frans_de 21227
MOMPER,_Jan_de 21228
MOMPER,_Joos_de 21229
MOMPER,_Philips_de,_I 21230
MONALDI,_Paolo 21231
MONET,_Claude 21232
MONI,_Louis_de 21233
MONNOT,_Pierre_Etienne 21234
MONNOYER,_Jean-Baptiste 21235
MONSIAU,_Nicolas-André 21236
MONTAGNA,_Bartolomeo 21237
MONTI,_Francesco 21238
MONTICELLI,_Adolphe 21239
MONTORFANO,_Giovanni_Donato_da 21240
MONVOISIN,_Raymond_Auguste_Quinsac 21241
MOOR,_Carel_de_II 21242
MOR_VAN_DASHORST,_Anthonis 21243
MORALES,_Luis_de 21244
MORAZZONE 21245
MORBELLI,_Angelo 21246
MORE,_Jacob 21247
MOREAU,_Adrien 21248
MOREAU,_Gustave 21249
MOREELSE,_Paulus 21250
MORELLI,_Domenico 21251
MORET,_Henry 21252
MORETTO_da_Brescia 21253
MORISOT,_Berthe 21254
MORLAND,_George 21255
MORO,_Giuseppe_del 21256
MORO,_Lorenzo_del 21257
MORONE,_Domenico 21258
MORONE,_Francesco 21259
MORONI,_Giovanni_Battista 21260
MORRICE,_James_Wilson 21261
MORRIS,_William 21262
MOSER,_Lukas 21263
MOSKOS,_Elias 21264
MOSNIER,_Jean-Laurent 21265
MOSTAERT,_Gillis 21266
MOSTAERT,_Jan 21267
MOUCHERON,_Frederick_de 21268
MOUCHERON,_Isaac_de 21269
MOYA,_Pedro_de 21270
MULIER,_Pieter_the_Elder 21271
MULIER,_Pieter_the_Younger 21272
MULTSCHER,_Hans 21273
MUNARI,_Cristoforo 21274
MUNKÁCSY,_Mihály 21275
MUR,_Ramon_de 21276
MURA,_Francesco_de 21277
MURANT,_Emanuel 21278
MURILLO,_Bartolomé_Esteban 21279
MUSSCHER,_Michiel_van 21280
MUZIANO,_Girolamo 21281
MÁNYOKI,_Ádám 21282
MÄLESSKIRCHER,_Gabriel 21283
MÉNAGEOT,_François-Guillaume 21284
MÉSZÖLY,_Géza 21285
MÜLLER,_William_James 21286
NAGY_BALOGH,_János 21287
NAIVEU,_Matthijs 21288
NALDINI,_Giovan_Battista 21289
NAPOLETANO,_Filippo 21290
NARDO_DI_CIONE 21291
NASINI,_Giuseppe_Nicola 21292
NASMYTH,_Alexander 21293
NATOIRE,_Charles-Joseph 21294
NATTIER,_Jean-Marc 21295
NAVEZ,_François-Joseph 21296
NAZARI,_Bartolomeo 21297
NEBBIA,_Cesare 21298
NEEFFS,_Peeter_the_Elder 21299
NEEFFS,_Peeter_the_Younger 21300
NEER,_Aert_van_der 21301
NEER,_Eglon_van_der 21302
NEGRI,_Pietro 21303
NELLI,_Ottaviano 21304
NELLI,_Plautilla 21305
NERI,_Pietro_Martire 21306
NERLY,_Friedrich 21307
NEROCCIO_DE'_LANDI 21308
NETSCHER,_Caspar 21309
NETSCHER,_Constantijn 21310
NEUFCHATEL,_Nicolas 21311
NEUGEBAUER,_Josef 21312
NEUREUTHER,_Eugen 21313
NEYN,_Pieter_de 21314
NICCOL?_DA_FOLIGNO 21315
NICCOL?_DELL'_ARCA 21316
NICCOL?_DI_BUONACCORSO 21317
NICCOL?_DI_PIETRO 21318
NICCOL?_DI_PIETRO_GERINI 21319
NICCOL?_DI_SEGNA 21320
NICCOL?_DI_SER_SOZZO 21321
NICCOL?_DI_TOMMASO 21322
NICCOL?_PISANO 21323
NICKELEN,_Isaak_van 21324
NIEULANDT,_Adriaen_van,_the_Younger 21325
NIEULANDT,_Willem_van,_the_Younger 21326
NIGG,_Joseph 21327
NIKITIN,_Ivan_Nikitich 21328
NITTIS,_Giuseppe_de 21329
NOCRET,_Jean 21330
NOGARI,_Giuseppe 21331
NOLLEKENS,_Joseph_Francis 21332
NOMÉ,_François_de 21333
NONNOTTE,_Donat 21334
NONO,_Luigi 21335
NOOMS,_Reiner 21336
NOORDT,_Jan_van 21337
NORDSTRÖM,_Karl_Fredrik 21338
NOTKE,_Bernt 21339
NOVELLI,_Pietro 21340
NUVOLONE,_Carlo_Francesco 21341
NUVOLONE,_Panfilo 21342
NUYEN,_Wijnandus_Johannes_Josephus 21343
NUZI,_Allegretto 21344
NÚ?EZ_DE_VILLAVICENCIO,_Pedro 21345
O'CONNOR,_James_Arthur 21346
OCHTERVELT,_Jacob 21347
ODEKERKEN,_Willem_van 21348
ODERISI,_Roberto_d' 21349
ODEVAERE,_Joseph-Denis 21350
OEVER,_Hendrick_ten 21351
OGGIONO,_Marco_d' 21352
OLLIVIER,_Michel-Barthélémy 21353
OMMEGANCK,_Balthazar_Paul 21354
OOST,_Jacob_van,_the_Elder 21355
OOST,_Jacob_van,_the_Younger 21356
OOSTEN,_Izaac_van 21357
OOSTERWIJK,_Maria_van 21358
OPIE,_John 21359
ORCAGNA 21360
ORIOLI,_Pietro_di_Francesco_degli 21361
ORLEY,_Bernaert_van 21362
ORLOVSKY,_Aleksandr_Osipovich 21363
ORRENTE,_Pedro 21364
ORSI,_Lelio 21365
ORTOLANO 21366
OS,_Georgius_van 21367
OS,_Jan_van 21368
OSONA,_Francisco_de 21369
OSONA,_Rodrigo_de,_the_Younger 21370
OSTADE,_Adriaen_Jansz._van 21371
OSTADE,_Isaack_van 21372
OSTENDORFER,_Michael 21373
OUDRY,_Jean-Baptiste 21374
OUTIN,_Pierre 21375
OUWATER,_Albert_van 21376
OUWATER,_Isaak 21377
OVENS,_Jürgen 21378
OVERBECK,_Friedrich 21379
OVERBEKE,_Adriaen_van 21380
PACE_DEL_CAMPIDOGLIO,_Michele 21381
PACECCO 21382
PACHER,_Friedrich 21383
PACHER,_Michael 21384
PACINO_DI_BONAGUIDA 21385
PACKX,_Hendrick_Ambrosius 21386
PADOVANINO 21387
PAELINCK,_Joseph 21388
PAGANI,_Gregorio 21389
PAGANI,_Paolo 21390
PAGANINO,_Giovanni_Antonio 21391
PALAGI,_Pelagio 21392
PALAMEDESZ.,_Anthonie 21393
PALAMEDESZ.,_Palamedes 21394
PALIZZI,_Filippo 21395
PALIZZI,_Giuseppe 21396
PALMA_GIOVANE 21397
PALMA_VECCHIO 21398
PALMERINO_DI_GUIDO 21399
PALMEZZANO,_Marco 21400
PALOMINO,_Acislo_Antonio 21401
PANKIEWICZ,_Józef 21402
PANNINI,_Giovanni_Paolo 21403
PANTOJA_DE_LA_CRUZ,_Juan 21404
PAOLINI,_Pietro 21405
PAOLO_DI_GIOVANNI_FEI 21406
PAOLO_VENEZIANO 21407
PARENZANO,_Bernardino 21408
PARET_Y_ALCAZÁR,_Luis 21409
PARMIGIANINO 21410
PARRA_ABRIL,_Miguel 21411
PARROCEL,_Joseph 21412
PASCH,_Lorentz_the_Younger 21413
PASINELLI,_Lorenzo 21414
PASQUALINO_VENETO 21415
PASQUETTI,_Fortunato 21416
PASSEROTTI,_Bartolomeo 21417
PASSIGNANO 21418
PATCH,_Thomas 21419
PATEL,_Pierre 21420
PATEL,_Pierre-Antoine 21421
PATENIER,_Joachim 21422
PATER,_Jean_Baptiste_Joseph 21423
PATERSSON,_Benjamin 21424
PATON,_Sir_Joseph_Noel 21425
PAUDISS,_Christoph 21426
PAULI,_Hanna 21427
PAULSEN,_Julius 21428
PAÁL,_László 21429
PEALE,_James 21430
PEDON,_Bartolomeo 21431
PEETERS,_Bonaventura 21432
PEETERS,_Bonaventura_I 21433
PEETERS,_Clara 21434
PEETERS,_Gillis_I 21435
PELLEGRINI,_Giovanni_Antonio 21436
PELLEGRINI,_Girolamo 21437
PELLEGRINO_DA_SAN_DANIELE 21438
PELLIZZA_DA_VOLPEDO,_Giuseppe 21439
PENCZ,_Georg 21440
PENNACCHI,_Pier_Maria 21441
PENNI,_Giovan_Francesco 21442
PENNI,_Luca 21443
PENSIONANTE_DEL_SARACENI 21444
PEPIJN,_Marten 21445
PERANDA,_Sante 21446
PERCY,_Sidney_Richard 21447
PEREDA,_Antonio_de 21448
PERINO_DEL_VAGA 21449
PERONI,_Giuseppe 21450
PERRAULT,_Léon-Jean-Bazille 21451
PERRIER,_François 21452
PERRIN,_Jean-Charles-Nicaise 21453
PERRONNEAU,_Jean-Baptiste 21454
PERROT,_Antoine_Marie 21455
PERRY,_Lilla_Cabot 21456
PERUGINO,_Pietro 21457
PERUZZI,_Baldassare 21458
PERUZZINI,_Antonio_Francesco 21459
PESELLINO 21460
PESNE,_Antoine 21461
PETERSEN,_Anna 21462
PETERZANO,_Simone 21463
PETO,_John_Frederick 21464
PETRINI,_Giuseppe_Antonio 21465
PETROVI?,_Nadeda 21466
PEYRON,_Jean-François-Pierre 21467
PFORR,_Franz 21468
PHILIPSEN,_Theodor_Esbern 21469
PHILLIPS,_Thomas 21470
PIANCA,_Giuseppe_Antonio 21471
PIAZZA_DA_LODI,_Callisto 21472
PIAZZA_DA_LODI,_Martino 21473
PIAZZETTA,_Giovanni_Battista 21474
PICART,_Jean_Michel 21475
PICHLER,_Joseph_von 21476
PICKENOY,_Nicolaes_Eliasz. 21477
PICOT,_François-Edouard 21478
PIENEMAN,_Jan_Willem 21479
PIER_FRANCESCO_FIORENTINO 21480
PIERMATTEO_D'AMELIA 21481
PIERO_DELLA_FRANCESCA 21482
PIERO_DI_COSIMO 21483
PIERONI,_Alessandro 21484
PIERRE,_Jean-Baptiste-Marie 21485
PIERSON,_Christoffel 21486
PIETERSZ.,_Aert 21487
PIETERSZ.,_Pieter 21488
PIETRO_ALEMANNO 21489
PIETRO_DA_RIMINI 21490
PIETRO_DA_VICENZA 21491
PIETRO_DI_DOMENICO_DA_MONTEPULCIANO 21492
PIETRO_DI_DOMENICO_DA_SIENA 21493
PIETRO_DI_GIOVANNI_D'AMBROGIO 21494
PIETTE,_Ludovic 21495
PIGNONI,_Simone 21496
PILLEMENT,_Jean-Baptiste 21497
PILO,_Carl_Gustaf 21498
PILOTY,_Karl_Theodor_von 21499
PILS,_Isidore-Alexandre-Augustin 21500
PINO,_Marco 21501
PINTURICCHIO 21502
PIOLA,_Domenico 21503
PIOLA,_Paolo_Gerolamo 21504
PIREZ_D'ÉVORA,_Alvaro 21505
PISANELLO 21506
PISSARRO,_Camille 21507
PISSARRO,_Lucien 21508
PITTERIO,_Giacomo 21509
PITTONI,_Giambattista 21510
PLATTNER,_Hans 21511
PLATZER,_Johann_Georg 21512
PLEYDENWURFF,_Hans 21513
POCCETTI,_Bernardino 21514
POCOCK,_Nicholas 21515
PODESTA,_Giovanni_Andrea 21516
PODKOWI?SKI,_W?adys?aw 21517
POEL,_Egbert_van_der 21518
POELENBURGH,_Cornelis_van 21519
POL,_Christiaan_van 21520
POLACK,_Jan 21521
POLENOV,_Vasily_Dmitrievich 21522
POLIDORO_DA_LANCIANO 21523
POLLAIUOLO,_Antonio_del 21524
POLLAIUOLO,_Piero_del 21525
POLLAK,_Leopold 21526
POLO,_Bernardo 21527
POMARANCIO 21528
PONCE,_Antonio 21529
PONTORMO,_Jacopo 21530
POORTER,_Willem_de 21531
POPPI,_Francesco 21532
PORCELLIS,_Jan 21533
PORDENONE 21534
PORPORA,_Paolo 21535
POST,_Frans 21536
POST,_Pieter_Jansz 21537
POT,_Hendrick_Gerritsz 21538
POTTER,_Paulus 21539
POTTER,_Pieter_Symonsz. 21540
POTÉMONT,_Adolphe_Martial 21541
POULAKIS,_Theodoros 21542
POURBUS,_Frans_the_Elder 21543
POURBUS,_Frans_the_Younger 21544
POURBUS,_Pieter 21545
POUSSIN,_Nicolas 21546
POZZI,_Stefano 21547
POZZO,_Andrea 21548
PREDIS,_Ambrogio_de 21549
PREISLER,_Jan 21550
PRENDERGAST,_Maurice_Brazil 21551
PRETI,_Mattia 21552
PREVITALI,_Andrea 21553
PREYER,_Johann_Wilhelm 21554
PRIMATICCIO,_Francesco 21555
PROCACCINI,_Camillo 21556
PROCACCINI,_Carlo_Antonio 21557
PROCACCINI,_Ercole_I 21558
PROCACCINI,_Giulio_Cesare 21559
PROVOST,_Jan 21560
PRUCKENDORFER,_Hans 21561
PRUD'HON,_Pierre-Paul 21562
PSEUDO-PIER_FRANCESCO_FIORENTINO 21563
PUCCINELLI,_Angelo 21564
PUCCINELLI,_Antonio 21565
PUCCIO_DI_SIMONE 21566
PUGA,_Antonio 21567
PUGET,_Pierre 21568
PULIGO,_Domenico 21569
PULZONE,_Scipione 21570
PUVIS_DE_CHAVANNES,_Pierre-Cécile 21571
PYNACKER,_Adam 21572
PYNAS,_Jacob_Symonsz. 21573
PYNAS,_Jan_Symonsz. 21574
PÉCHEUX,_Laurent 21575
PÉNICAUD,_Jean_II 21576
PÉNICAUD,_Pierre 21577
PÉREZ_SIERRA,_Francisco 21578
PÉREZ,_Bartolomé 21579
QUADAL,_Martin_Ferdinand 21580
QUAGLIO,_Domenico 21581
QUAST,_Pieter_Jansz. 21582
QUELLINUS,_Artus_I 21583
QUELLINUS,_Erasmus_II 21584
QUELLINUS,_Jan-Erasmus 21585
QUERCIA,_Priamo_della 21586
QUERFURT,_August 21587
QUILLARD,_Pierre-Antoine 21588
QUINSA,_Giovanni 21589
R?RBYE,_Martinus 21590
RAEBURN,_Sir_Henry 21591
RAFFAELLINO_DEL_GARBO 21592
RAFFAELLO_Sanzio 21593
RAFFAËLLI,_Jean-François 21594
RAGUENEAU,_Abraham 21595
RAGUENET,_Nicolas-Jean-Baptiste 21596
RAHL,_Carl 21597
RAMBOUX,_Johann_Anton_Alban 21598
RAMIREZ,_Felipe 21599
RAMSAY,_Allan 21600
RANC,_Jean 21601
RASMUSSEN,_Georg_Anton 21602
RATGEB,_Jörg 21603
RAVESTEYN,_Arnold 21604
RAVESTEYN,_Dirck_de_Quade_van 21605
RAVESTEYN,_Hubert_van 21606
RAVESTEYN,_Jan_Antonisz._van 21607
RAVIER,_Auguste 21608
REBELL,_Joseph 21609
RECCO,_Giacomo 21610
RECCO,_Giovan_Battista 21611
RECCO,_Giuseppe 21612
REDON,_Odilon 21613
REEKERS,_Hendrik 21614
REGGIO,_Jacopino_and_Bartolomeo_da 21615
REGNAULT,_Henri 21616
REGNAULT,_Jean-Baptiste 21617
REIJSSCHOOT,_Pieter_Jan_van 21618
REINAGLE,_Philip 21619
REINAGLE,_Ramsay_Richard 21620
REINHART,_Johann_Christian 21621
REINHOLD,_Heinrich 21622
REISER,_Niklas 21623
REIXACH,_Juan 21624
REMBRANDT_Harmenszoon_van_Rijn 21625
REMPS,_Domenico 21626
RENARD_DE_SAINT-ANDRÉ,_Simon 21627
RENI,_Guido 21628
RENOIR,_Pierre-Auguste 21629
REPIN,_Ilya_Yefimovich 21630
REQUESTA,_Giovanni_Antonio 21631
RESCHI,_Pandolfo 21632
RESTOUT,_Jean_II 21633
RESTOUT,_Jean-Bernard 21634
REVOL,_Claude-Louis-Marie 21635
REYMERSWAELE,_Marinus_van 21636
REYNOLDS,_Sir_Joshua 21637
RIBALTA,_Francisco 21638
RIBALTA,_Juan 21639
RIBERA,_Jusepe_de 21640
RIBOT,_Théodule-Augustin 21641
RICCHI,_Pietro 21642
RICCI,_Marco 21643
RICCI,_Sebastiano 21644
RICHARD,_Fleury-François 21645
RICHET,_Léon 21646
RICHTER,_Adrian_Ludwig 21647
RICHTER,_Franz_Ferdinand 21648
RICHTER,_Johan 21649
RICO_Y_ORTEGA,_Martín 21650
RIEDEL,_August 21651
RIESENER,_Henri-François 21652
RIGAUD,_Hyacinthe 21653
RIGAUD,_John_Francis 21654
RIJCK,_Pieter_Cornelisz_van 21655
RIJCKHALS,_Frans 21656
RILEY,_John 21657
RIMINALDI,_Orazio 21658
RINALDO_MANTOVANO 21659
RING,_Laurits_Andersen 21660
RING,_Ludger_tom,_the_Younger 21661
RING,_Pieter_de 21662
RIPANDA,_Jacopo 21663
RIPPL-RÓNAI,_József 21664
RITZOS,_Andreas 21665
RIZI,_Francisco 21666
ROBERT,_Hubert 21667
ROBERT,_Léopold 21668
ROBERTI,_Ercole_de' 21669
ROBERTS,_David 21670
ROBIE,_Jean-Baptiste 21671
ROBINSON._Theodore 21672
ROBUSTI,_Domenico 21673
ROBUSTI,_Marietta 21674
ROCCA,_Michele 21675
RODE,_Bernhard 21676
RODIN,_Auguste 21677
ROEHN,_Adolphe-Eug?ne-Gabriel 21678
ROELAS,_Juan_de_las 21679
ROELOFS,_Willem 21680
ROEPEL,_Coenraet 21681
ROESTRAETEN,_Pieter_Gerritsz._van 21682
ROHLFS,_Christian 21683
ROKOTOV,_Fyodor 21684
ROLAND_DE_LA_PORTE,_Henri-Horace 21685
ROLLI,_Antonio 21686
ROLLI,_Gioseffo_Maria 21687
ROMAKO,_Anton 21688
ROMANELLI,_Giovanni_Francesco 21689
ROMANESQUE_PAINTER,_Austrian 21690
ROMANESQUE_PAINTER,_Catalan 21691
ROMANESQUE_PAINTER,_English 21692
ROMANESQUE_PAINTER,_French 21693
ROMANESQUE_PAINTER,_German 21694
ROMANESQUE_PAINTER,_Italian 21695
ROMANESQUE_PAINTER,_Spanish 21696
ROMANESQUE_PAINTER,_Swiss 21697
ROMANINO,_Girolamo 21698
ROMBAUER,_János 21699
ROMBOUTS,_Gillis 21700
ROMBOUTS,_Salomon 21701
ROMBOUTS,_Theodor 21702
ROMNEY,_George 21703
RONDINELLI,_Niccol? 21704
ROOS,_Jan 21705
ROOS,_Johann_Heinrich 21706
ROOS,_Johann_Melchior 21707
ROOS,_Philipp_Peter 21708
ROSA,_Salvator 21709
ROSI,_Alessandro 21710
ROSI,_Zanobi 21711
ROSLIN,_Alexander 21712
ROSLIN,_Marie-Suzanne 21713
ROSSELLI,_Bernardo_di_Stefano 21714
ROSSELLI,_Cosimo 21715
ROSSELLI,_Matteo 21716
ROSSETTI,_Dante_Gabriel 21717
ROSSI,_Mariano 21718
ROSSO_FIORENTINO 21719
ROSSO,_Medardo 21720
ROTA,_Martino 21721
ROTARI,_Pietro_Antonio 21722
ROTTENHAMMER,_Hans_I 21723
ROTTMANN,_Carl 21724
ROTTMAYR,_Johann_Michael 21725
ROUSSEAU,_Henri 21726
ROUSSEAU,_Théodore 21727
ROUSSEAUX,_Jacques_de 21728
ROUSSEL,_Theodore 21729
ROY,_Peter_van 21730
ROYEN,_Willem_Frederik_van 21731
RUBENS,_Peter_Paul 21732
RUBLYOV,_Andrey 21733
RUISDAEL,_Isaack_van 21734
RUISDAEL,_Jacob_Isaackszon_van 21735
RUNGE,_Philipp_Otto 21736
RUNK,_Ferdinand 21737
RUOPPOLO,_Giovanni_Battista 21738
RUSCHI,_Francesco 21739
RUSI?OL_Y_PRATS,_Santiago 21740
RUSS,_Robert 21741
RUSSELL,_John 21742
RUSTICI,_Francesco 21743
RUTHART,_Carl_Borromäus_Andreas 21744
RUYSCH,_Rachel 21745
RUYSDAEL,_Salomon_van 21746
RYCKAERT,_David_II 21747
RYCKAERT,_David_the_Younger 21748
RYCKAERT,_Maerten 21749
RYCKERE,_Bernaert_de 21750
RYSBRACK,_Pieter_Andreas 21751
RYSSELBERGHE,_Théo_van 21752
RÉGNIER,_Nicolas 21753
RÉMOND,_Jean-Charles-Joseph 21754
RÉVOIL,_Pierre 21755
S?DRING,_Frederik_Hansen 21756
SABATINI,_Lorenzo 21757
SABLET,_Jacques_Henri 21758
SABLET,_Jean-François 21759
SACCHI,_Andrea 21760
SAENREDAM,_Pieter_Jansz 21761
SAFTLEVEN,_Cornelis 21762
SAFTLEVEN,_Herman 21763
SAINT-AUBIN,_Gabriel_de 21764
SAINT-EVRE,_Gillot 21765
SAINT-QUENTIN,_Jacques-Philip-Joseph_de 21766
SALIBA,_Antonio_de 21767
SALIMBENI,_Lorenzo 21768
SALIMBENI,_Ventura 21769
SALINI,_Tommaso 21770
SALLAERT,_Anthonis 21771
SALTINI,_Pietro 21772
SALUCCI,_Alessandro 21773
SALVIATI,_Cecchino_del 21774
SALVIATI,_Giuseppe 21775
SAMACCHINI,_Orazio 21776
SAN_FRIANO,_Maso_da 21777
SAN_LEOCADIO,_Paolo_de 21778
SANCHEZ_COELLO,_Alonso 21779
SANCHEZ_COTÁN,_Juan 21780
SANCHEZ,_Pedro 21781
SANDBY,_Paul 21782
SANDRART,_Joachim_von 21783
SANDTNER,_Carlo 21784
SANGALLO,_Bastiano_da 21785
SANGUIGNI,_Battista_di_Biagio 21786
SANO_di_Pietro 21787
SANTACROCE,_Girolamo_da 21788
SANTAFEDE,_Fabrizio 21789
SANTERRE,_Jean-Baptiste 21790
SANTI,_Giovanni 21791
SANTVOORT,_Dirck_Dircksz. 21792
SARACENI,_Carlo 21793
SARAZIN_DE_BELMONT,_Louise_Joséphine 21794
SARGENT,_John_Singer 21795
SARRI,_Egisto 21796
SARTORIUS,_Francis_I 21797
SARTORIUS,_John_Nost 21798
SASSETTA 21799
SASSOFERRATO 21800
SAUVAGE,_Piat-Joseph 21801
SAVERY,_Jacob_I 21802
SAVERY,_Jacob_II 21803
SAVERY,_Roelandt 21804
SAVOLDO,_Giovanni_Girolamo 21805
SAVOYEN,_Carel_van 21806
SCACCO,_Cristoforo 21807
SCARSELLINO 21808
SCHADOW,_Wilhelm_von 21809
SCHAFFNER,_Martin 21810
SCHALCKE,_Cornelis_Symonsz._van_der 21811
SCHALCKEN,_Godfried 21812
SCHALL,_Jean-Frédéric 21813
SCHEDONI,_Bartolomeo 21814
SCHEFFER,_Ary 21815
SCHEGGIA 21816
SCHIAFFINO,_Francesco_Maria 21817
SCHIAVONE,_Andrea 21818
SCHIAVONE,_Giorgio 21819
SCHICK,_Christian_Gottlieb 21820
SCHINKEL,_Karl_Friedrich 21821
SCHMIDT,_Martin_Johann 21822
SCHNETZ,_Jean-Victor 21823
SCHNORR_VON_CAROLSFELD,_Julius 21824
SCHOLDERER,_Otto_Franz 21825
SCHONGAUER,_Ludwig 21826
SCHONGAUER,_Martin 21827
SCHOOR,_Aelbert_Jansz._van_der 21828
SCHOOTEN,_Floris_Gerritsz._van 21829
SCHOPIN,_Frédéric-Henri 21830
SCHOR,_Johann_Paul 21831
SCHOUBROECK,_Pieter 21832
SCHOUMAN,_Aert 21833
SCHREYER,_Christian_Adolf 21834
SCHULTZ,_Daniel_II 21835
SCHUPPEN,_Jacques_van 21836
SCHUT,_Cornelis_I 21837
SCHUT,_Cornelis_III 21838
SCHWARZ,_Christoph 21839
SCHWIND,_Moritz_von 21840
SCHÄUFELEIN,_Hans_Leonhard 21841
SCHÖDLBERGER,_Johann_Nepomuk 21842
SCHÖNBERGER,_Lorenz_Adolf 21843
SCHÖNFELD,_Johann_Heinrich 21844
SCHÖPFER,_Hans_the_Elder 21845
SCIORINA,_Lorenzo_dello 21846
SCOREL,_Jan_van 21847
SCOTT,_Samuel 21848
SCOTT,_William_Bell 21849
SCOTTI,_Gottardo 21850
SCROTS,_Guillaume 21851
SEBASTIANO_DEL_PIOMBO 21852
SEEMAN,_Enoch 21853
SEGANTINI,_Giovanni 21854
SEGHERS,_Daniel 21855
SEGHERS,_Gerard 21856
SEGHERS,_Hercules 21857
SEGNA_DI_BUONAVENTURE 21858
SEISENEGGER,_Jacob 21859
SEITER,_Daniel 21860
SELLAER,_Vincent 21861
SEMENTI,_Giovanni_Giacomo 21862
SEMITECOLO,_Nicoletto 21863
SERAFINI,_Serafino 21864
SERODINE,_Giovanni 21865
SEROV,_Valentin 21866
SERRA,_Jaume 21867
SERRA,_Pere 21868
SERRES,_Dominic 21869
SEURAT,_Georges 21870
SEYBOLD,_Christian 21871
SEYMOUR,_James 21872
SFERINI,_Carlo_Leopoldo 21873
SHCHEDRIN,_Sil'vestr_Fedosyevich 21874
SHEE,_Sir_Martin_Archer 21875
SIBERECHTS,_Jan 21876
SICIOLANTE_DA_SERMONETA,_Girolamo 21877
SICKERT,_Walter_Richard 21878
SIGNAC,_Paul 21879
SIGNORELLI,_Francesco 21880
SIGNORELLI,_Luca 21881
SIGNORINI,_Telemaco 21882
SILO,_Adam 21883
SILVESTRE,_Israël 21884
SILVESTRE,_Louis_de 21885
SIMON_VON_TAISTEN 21886
SIMONE_DEI_CROCEFISSI 21887
SIMONE_MARTINI 21888
SIMONINI,_Francesco 21889
SINGLETON,_Henry 21890
SIRANI,_Elisabetta 21891
SIRANI,_Giovanni_Andrea 21892
SISLEY,_Alfred 21893
SITTOW,_Michel 21894
SKARBINA,_Franz 21895
SKOVGAARD,_Joakim 21896
SKOVGAARD,_Peter_Christian 21897
SLAUGHTER,_Stephen 21898
SLAVONA,_Maria 21899
SLAVÍ?EK,_Antonín 21900
SLEVOGT,_Max 21901
SLINGELAND,_Pieter_Cornelisz._van 21902
SMART,_John 21903
SMITH,_George 21904
SNAYERS,_Pieter 21905
SNIJERS,_Peter 21906
SNYDERS,_Frans 21907
SODOMA,_Il 21908
SOEST,_Gerard 21909
SOGLIANI,_Giovanni_Antonio 21910
SOLARIO,_Andrea 21911
SOLARIO,_Antonio 21912
SOLDI,_Andrea 21913
SOLE,_Giovan_Gioseffo_dal 21914
SOLIMENA,_Francesco 21915
SOLÍS,_Francisco_de 21916
SOMEREN,_Hendrick_van 21917
SON,_Joris_van 21918
SONNE,_J?rgen_Valentin 21919
SOREAU,_Isaak 21920
SORGH,_Hendrick_Maertensz. 21921
SOROLLA_Y_BASTIDA,_Joaquín 21922
SPADA,_Lionello 21923
SPADARINO,_lo 21924
SPADINO,_Bartolomeo 21925
SPADINO,_Giovanni_Paolo 21926
SPAENDONCK,_Cornelis_van 21927
SPAENDONCK,_Gerard_van 21928
SPEECKAERT,_Michel_Joseph 21929
SPELT,_Adrian_van_der 21930
SPIEGLER,_Franz_Joseph 21931
SPINELLI,_Giovanni_Battista 21932
SPINELLI,_Parri 21933
SPINELLO_ARETINO 21934
SPITZWEG,_Carl 21935
SPRANGER,_Bartholomaeus 21936
SQUARCIONE,_Francesco 21937
STALBEMT,_Adriaan_van 21938
STALBEMT,_Adriaen_van 21939
STANCHI,_Giovanni 21940
STANFIELD,_Clarkson 21941
STANIS?AWSKI,_Jan 21942
STANZIONE,_Massimo 21943
STARNINA,_Gherardo_di_Jacopo 21944
STARR,_Sidney 21945
STEEN,_Jan 21946
STEENWIJCK,_Harmen 21947
STEENWYCK,_Hendrick_van_the_Younger 21948
STEER,_Philip_Wilson 21949
STEFANO_DA_ZEVIO 21950
STEFANO_DI_SANT'AGNESE 21951
STEINFELD,_Franz 21952
STEINLE,_Edward_Jakob_von 21953
STELLA,_Fermo_da_Caravaggio 21954
STELLA,_Jacques 21955
STERN,_Ignaz 21956
STERN,_Ludovico 21957
STEVENS,_Alfred 21958
STEVENS,_Pieter 21959
STIELER,_Karl_Joseph 21960
STOCKT,_Vrancke_van_der 21961
STOM,_Matthias 21962
STOOP,_Dirck_Willemsz. 21963
STOOP,_Maerten 21964
STORCK,_Abraham 21965
STORCK,_Jacobus 21966
STOSKOPFF,_Sébastien 21967
STRADANUS,_Johannes 21968
STRANOVER,_Tobias 21969
STREECK,_Hendrick_van 21970
STREECK,_Juriaen_van 21971
STRIGEL,_Bernhard 21972
STRIGEL,_Hans_II 21973
STRIJ,_Abraham_van,_I 21974
STRIJ,_Jacob_van 21975
STRINDBERG,_August 21976
STRINGER,_Francis 21977
STRINGER,_Thomas 21978
STROOBANT,_François 21979
STROZZI,_Bernardo 21980
STROZZI,_Zanobi 21981
STRÓBL,_Alajos 21982
STRÖHLING,_Eduard 21983
STUART,_Gilbert 21984
STUBBS,_George 21985
STUCK,_Franz_von 21986
SUBLEYRAS,_Pierre 21987
SULLY,_Thomas 21988
SUSENIER,_Abraham 21989
SUSTERMANS,_Justus 21990
SUSTRIS,_Friedrich 21991
SUSTRIS,_Lambert 21992
SUVÉE,_Joseph-Benoit 21993
SUZOR-COTÉ,_Marc_Aur?le_de_Foy 21994
SWAINE,_Francis 21995
SWANENBURG,_Isaac_Claesz._van 21996
SWANEVELT,_Herman_van 21997
SWEERTS,_Michiel 21998
SWOBODA,_Rudolph_Der_G. 21999
SZINYEI_MERSE,_Pál 22000
SZÉKELY,_Bertalan 22001
SÉRUSIER,_Paul 22002
TADDEO_DI_BARTOLO 22003
TAMAGNI,_Vincenzo 22004
TAMM,_Franz_Werner_von 22005
TANZIO_DA_VARALLO 22006
TARBELL,_Edmund_Charles 22007
TARCHIANI,_Filippo 22008
TASSAERT,_Octave 22009
TASSEL,_Jean 22010
TASSI,_Agostino 22011
TAUNAY,_Nicolas_Antoine 22012
TEERLINC,_Levina 22013
TELEPY,_Károly 22014
TEMPEL,_Abraham_van_den 22015
TENERANI,_Pietro 22016
TENGNAGEL,_Jan 22017
TENIERS,_David_the_Elder 22018
TENIERS,_David_the_Younger 22019
TERBORCH,_Gerard 22020
TERBRUGGHEN,_Hendrick 22021
TERRENI,_Giuseppe_Maria 22022
TERZIO,_Francesco 22023
TESTA,_Pietro 22024
TESTELIN,_Henri 22025
THAULOW,_Fritz 22026
THEOPHANES_the_Cretan 22027
THEOPHANES_the_Greek 22028
THEOTOKOPOULOS,_Jorge_Manuel 22029
THIJS,_Pieter 22030
THIVAERT,_Daniel_Janszoon 22031
THOMA,_Hans 22032
THOMAS,_Jan 22033
THULDEN,_Theodor_van 22034
TIARINI,_Alessandro 22035
TIBALDI,_Pellegrino 22036
TIELING,_Lodewijk 22037
TIELIUS,_Johannes 22038
TIEPOLO,_Giovanni_Battista 22039
TIEPOLO,_Giovanni_Domenico 22040
TIEPOLO,_Lorenzo 22041
TIFFANY,_Louis_Comfort 22042
TILBORGH,_Gillis_van 22043
TILLEMANS,_Peter 22044
TILLOT,_Charles_Victor 22045
TINTORE,_Simone_del 22046
TINTORETTO 22047
TIRONI,_Francesco 22048
TISCHBEIN,_Johann_Friedrich_August 22049
TISCHBEIN,_Johann_Heinrich_Wilhelm 22050
TISCHBEIN,_Johann_Heinrich_the_Elder 22051
TISCHBEIN,_Johann_Heinrich_the_Younger 22052
TISSOT,_James 22053
TITO,_Santi_di 22054
TITO,_Tiberio_di 22055
TIVOLI,_Serafino_de 22056
TIZIANO_Vecellio 22057
TOCQUÉ,_Louis 22058
TOEPUT,_Lodewijk 22059
TOL,_Domenicus_van 22060
TOMA,_Gioacchino 22061
TOMMASI,_Adolfo 22062
TOMMASO_DA_MODENA 22063
TOMMASO_DI_CREDI 22064
TOORENVLIET,_Jacob 22065
TOOROP,_Jan 22066
TORBIDO,_Francesco 22067
TORELLI,_Felice 22068
TORELLI,_Stefano 22069
TORNYAI,_János 22070
TORRENTIUS,_Johannes 22071
TORRES,_Clemente_de 22072
TORRITI,_Jacopo 22073
TOSCANI,_Giovanni_di_Francesco 22074
TOSINI,_Michele 22075
TOULMOUCHE,_Auguste 22076
TOULOUSE-LAUTREC,_Henri_de 22077
TOURNI?RES,_Robert 22078
TOURNIER,_Nicolas 22079
TRABALLESI,_Bartolomeo 22080
TRABALLESI,_Francesco 22081
TRABALLESI,_Giuliano 22082
TRAUT,_Wolf 22083
TRAVERSI,_Gaspare 22084
TRAVI,_Antonio 22085
TRECK,_Jan_Jansz. 22086
TREVISANI,_Francesco 22087
TRINQUESSE,_Louis-Rolland 22088
TRISTÁN_DE_ESCAMILLA,_Luis 22089
TROGER,_Paul 22090
TROOST,_Cornelis 22091
TROTTI,_Giovanni_Battista 22092
TROY,_François_de 22093
TROY,_Jean-François_de 22094
TROYEN,_Rombout_van 22095
TROYON,_Constant 22096
TRUMBULL,_John 22097
TRUTAT,_Félix 22098
TRÜBNER,_Wilhelm 22099
TSAFOURIS,_Nikolaos 22100
TURA,_Cosm? 22101
TURA,_Giovanni_Francesco 22102
TURCHI,_Alessandro 22103
TURNER,_Joseph_Mallord_William 22104
TURPIN_DE_CRISSÉ,_Lancelot-Théodore 22105
TUXEN,_Laurits_Regner 22106
TWACHTMAN,_John_Henry 22107
TÖPFFER,_Adam-Wolfgang 22108
UBERTI,_Pietro 22109
UCCELLO,_Paolo 22110
UDEN,_Lucas_van 22111
UGOLINO_DI_NERIO 22112
UGOLINO_DI_TEDICE 22113
UGOLINO-LORENZETTI 22114
UHDE,_Fritz_van 22115
UKHTOMSKY,_Konstantin_Andreyevich 22116
ULFT,_Jacob_van_der 22117
UNKNOWN_CABINETMAKER,_Flemish 22118
UNKNOWN_CABINETMAKER,_German 22119
UNKNOWN_ICON_PAINTER,_Cretan 22120
UNKNOWN_ICON_PAINTER,_Greek 22121
UNKNOWN_ICON_PAINTER,_Russian 22122
UNKNOWN_MASTER,_Austrian 22123
UNKNOWN_MASTER,_Bohemian 22124
UNKNOWN_MASTER,_Catalan 22125
UNKNOWN_MASTER,_Dutch 22126
UNKNOWN_MASTER,_English 22127
UNKNOWN_MASTER,_Flemish 22128
UNKNOWN_MASTER,_French 22129
UNKNOWN_MASTER,_German 22130
UNKNOWN_MASTER,_Hungarian 22131
UNKNOWN_MASTER,_Italian 22132
UNKNOWN_MASTER,_Netherlandish 22133
UNKNOWN_MASTER,_Spanish 22134
UNKNOWN_MASTER,_Swiss 22135
UNTERBERGER,_Franz-Richard 22136
URBANI,_Andrea 22137
URY,_Lesser 22138
USSI,_Stefano 22139
UTENS,_Giusto 22140
UTRECHT,_Adriaen_van 22141
UYL,_Jan_Jansz._den,_the_Elder 22142
UYTTENBROECK,_Moyses_Matheusz_van 22143
VAARDT,_Jan_van_der 22144
VACCARO,_Andrea 22145
VADDER,_Lodewijk_de 22146
VAFFLARD,_Pierre-Auguste 22147
VALCKENBORCH,_Frederik_van 22148
VALCKENBORCH,_Gillis_van 22149
VALCKENBORCH,_Lucas_van 22150
VALCKENBORCH,_Marten_van_I 22151
VALCKERT,_Werner_Jacobsz._van_den 22152
VALDÉS_LEAL,_Juan_de 22153
VALENCIENNES,_Pierre-Henri_de 22154
VALENTIN_DE_BOULOGNE 22155
VALESIO,_Giovanni_Luigi 22156
VALLAYER-COSTER,_Anne 22157
VALLIN,_Jacques-Antoine 22158
VALLOTTON,_Félix 22159
VANDERBANK,_John_the_Younger 22160
VANDERLYN,_John 22161
VANNI,_Francesco 22162
VANNI,_Lippo 22163
VANNINI,_Ottavio 22164
VARIN,_Quentin 22165
VAROTARI,_Chiara 22166
VASARI,_Giorgio 22167
VASSALLO,_Antonio_Maria 22168
VASSILACCHI,_Antonio 22169
VECCHI,_Giovanni_de' 22170
VECCHIA,_Pietro_della 22171
VECCHIETTA 22172
VECELLIO,_Francesco 22173
VEEN,_Otto_van 22174
VEERENDAEL,_Nicolaes_van 22175
VELDE,_Adriaen_van_de 22176
VELDE,_Esaias_van_de 22177
VELDE,_Henry_van_de 22178
VELDE,_Jan_Jansz._van_de 22179
VELDE,_Peter_van_den 22180
VELDE,_Willem_van_de,_the_Elder 22181
VELDE,_Willem_van_de,_the_Younger 22182
VELSEN,_Jacob_van 22183
VELÁZQUEZ,_Diego_Rodriguez_de_Silva_y 22184
VENDRI,_Antonio_da 22185
VENNE,_Adriaen_Pietersz._van_de 22186
VENNE,_Jan_van_der 22187
VENUSTI,_Marcello 22188
VERBEECK,_Cornelis 22189
VERBOECKHOVEN,_Eug?ne-Joseph 22190
VERBOOM,_Adriaen_Hendricksz. 22191
VERBRUGGEN,_Gaspar_Peeter_the_Elder 22192
VERBRUGGEN,_Gaspar_Peeter_the_Younger 22193
VERBURGH,_Dionijs 22194
VERELST,_Herman_Pietersz. 22195
VERELST,_Maria 22196
VERELST,_Pieter_Harmensz. 22197
VERELST,_Simon_Pietersz. 22198
VERELST,_William 22199
VERESHCHAGIN,_Petr_Petrovich 22200
VERESHCHAGIN,_Vasily_Vasilyevich 22201
VERHAECHT,_Tobias 22202
VERHAGHEN,_Pieter_Jozef 22203
VERHOUT,_Constantijn 22204
VERKOLJE,_Johannes_I 22205
VERMEER_VAN_HAARLEM,_Jan_the_Elder 22206
VERMEER_VAN_HAARLEM,_Jan_the_Younger 22207
VERMEER,_Barent 22208
VERMEER,_Johannes 22209
VERMEHREN,_Frederik 22210
VERMEULEN,_Andries 22211
VERMEULEN,_Jan 22212
VERMEYEN,_Jan_Cornelisz. 22213
VERMIGLIO,_Giuseppe 22214
VERNET,_Carle 22215
VERNET,_Claude-Joseph 22216
VERNET,_Horace 22217
VERON,_Alexandre_Paul_Joseph 22218
VERONESE,_Paolo 22219
VERROCCHIO,_Andrea_del 22220
VERSCHUUR,_Wouter 22221
VERSPRONCK,_Jan_Cornelisz 22222
VERSTAPPEN,_Martin 22223
VERSTRAELEN,_Anthonie 22224
VERTANGEN,_Daniel 22225
VERVLOET,_Frans 22226
VERWER,_Abraham_de 22227
VERWER,_Justus_de 22228
VERWILT,_François 22229
VESTIER,_Antoine 22230
VIANI,_Antonio_Maria 22231
VIANI,_Domenico_Maria 22232
VICENTINO,_Andrea 22233
VICTORIA,_Vicente 22234
VICTORS,_Jan 22235
VIDAL,_Eug?ne 22236
VIEN,_Joseph-Marie 22237
VIGHI,_Giacomo 22238
VIGNALI,_Jacopo 22239
VIGNON,_Claude 22240
VIGNON,_Victor_Alfred_Paul 22241
VIGÉE,_Louis 22242
VIGÉE-LEBRUN,_Élisabeth 22243
VILADOMAT_Y_MANALT,_Antonio 22244
VILLANDRANDO,_Rodrigo_de 22245
VINCENT,_François-André 22246
VINCKBOONS,_David 22247
VINNE,_Vincent_I_Laurensz._van_der 22248
VINNE,_Vincent_II_Laurensz._van_der 22249
VIOLA,_Giovan_Battista 22250
VISENTINI,_Antonio 22251
VISSCHER,_Cornelis 22252
VITALE_DA_BOLOGNA 22253
VITI,_Timoteo 22254
VITRINGA,_Wigerus 22255
VITTORIA,_Alessandro 22256
VIVARINI,_Alvise 22257
VIVARINI,_Antonio 22258
VIVARINI,_Bartolomeo 22259
VIVIEN,_Joseph 22260
VLEUGHELS,_Nicolas 22261
VLIEGER,_Simon_de 22262
VLIET,_Hendrick_Cornelisz._van 22263
VLIET,_Willem_van_der 22264
VOET,_Jacob_Ferdinand 22265
VOGEL_VON_VOGELSTEIN,_Carl_Christian 22266
VOGEL,_Christian_Leberecht 22267
VOGLER,_Paul 22268
VOGT,_Adelgunde 22269
VOILLE,_Jean_Louis 22270
VOIRIOT,_Guillaume 22271
VOIS,_Arie_de 22272
VOLAIRE,_Pierre-Jacques 22273
VOLLON,_Antoine 22274
VONNOH,_Robert_William 22275
VOOGD,_Hendrik 22276
VOORHOUT,_Johannes 22277
VOORT,_Cornelis_van_der 22278
VOS,_Cornelis_de 22279
VOS,_Marten_de 22280
VOS,_Paul_de 22281
VOS,_Simon_de 22282
VOSMAER,_Daniel 22283
VOSMAER,_Jacob_Woutersz 22284
VOUET,_Simon 22285
VRANCX,_Sebastian 22286
VREDEMAN_DE_VRIES,_Hans 22287
VREDEMAN_DE_VRIES,_Paul 22288
VREE,_Nicolaes_de 22289
VREL,_Jacobus 22290
VRIES,_Abraham_de 22291
VRIES,_Roelof_van 22292
VROOM,_Cornelis_Hendricksz._the_Younger 22293
VROOM,_Hendrick_Cornelisz. 22294
VUCHT,_Jan_van 22295
VUILLARD,_Édouard 22296
VÁZQUEZ,_Alonso 22297
VÁZQUEZ,_Antonio 22298
WAEL,_Cornelis_de 22299
WAHL,_Johann_Salomon 22300
WAITT,_Richard 22301
WALDMÜLLER,_Fedinand_Georg 22302
WALKER,_Robert 22303
WALS,_Goffredo 22304
WALSCAPELLE,_Jacob_van 22305
WALTHER,_Friedrich 22306
WARD,_James 22307
WASMANN,_Friedrich 22308
WATERHOUSE,_John_William 22309
WATTEAU,_Jean-Antoine 22310
WATTEAU,_Louis-Joseph 22311
WATTS,_Frederick_Waters 22312
WEBBER,_John 22313
WEBER,_Henrik 22314
WEEKS,_Edwin_Lord 22315
WEENIX,_Jan 22316
WEENIX,_Jan_Baptist 22317
WEIR,_Julian_Alden 22318
WEISS,_Bartholomeus_Ignaz 22319
WERENSKIOLD,_Erik 22320
WERFF,_Adriaen_van_der 22321
WERFF,_Pieter_van_der 22322
WERNER,_Joseph_the_Younger 22323
WERTINGER,_Hans 22324
WEST,_Benjamin 22325
WESTALL,_Richard 22326
WESTERHOLM,_Victor_Axel 22327
WET,_Gerrit_de 22328
WET,_Jacob_Willemsz._de,_the_Elder 22329
WEYDEN,_Goswijn_van_der 22330
WEYDEN,_Rogier_van_der 22331
WHEATLEY,_Francis 22332
WHISTLER,_James_Abbot_McNeill 22333
WHITCOMBE,_Thomas 22334
WIERINGEN,_Cornelis_Claesz_van 22335
WIERTZ,_Antoine 22336
WIJCK,_Thomas 22337
WIJNEN,_Domenicus_van 22338
WIJNTRACK,_Dirck 22339
WILDENS,_Jan 22340
WILKIE,_Sir_David 22341
WILLAERTS,_Abraham 22342
WILLAERTS,_Adam 22343
WILLAERTS,_Isaac 22344
WILLEBEECK,_Petrus 22345
WILLEMS,_Florent_Joseph_Marie 22346
WILLIAMS,_George_Augustus 22347
WILLIAMS,_Walter 22348
WILSON,_Richard 22349
WILT,_Thomas_van_der 22350
WIMAR,_Carl 22351
WINTERHALTER,_Franz_Xaver 22352
WIT,_Jacob_de 22353
WITHOOS,_Matthias 22354
WITMONT,_Heerman 22355
WITTE,_Emanuel_de 22356
WITTEL,_Caspar_Andriaans_van 22357
WITTMER,_Johann_Michael 22358
WITZ,_Konrad 22359
WOENSAM,_Anton_von_Worms 22360
WOLFFORT,_Artus 22361
WOLGEMUT,_Michael 22362
WOODWARD,_Thomas 22363
WOOTTON,_John 22364
WORLIDGE,_Thomas 22365
WOUTERS,_Frans 22366
WOUWERMAN,_Philips 22367
WOUWERMAN,_Pieter 22368
WRIGHT,_John_Michael 22369
WRIGHT,_Joseph 22370
WTEWAEL,_Joachim 22371
WTEWAEL,_Peter 22372
WUTKY,_Michael 22373
WYCK,_Jan 22374
WYNANTS,_Jan 22375
YKENS,_Frans 22376
YVON,_Adolphe 22377
YÁ?EZ_DE_LA_ALMEDINA,_Fernando 22378
ZACCHIA_di_Antonio_da_Vezzano 22379
ZAGANELLI,_Bernardino_di_Bosio 22380
ZAHRTMANN,_Kristian 22381
ZAIS,_Giuseppe 22382
ZANCHI,_Antonio 22383
ZANDOMENEGHI,_Federico 22384
ZANINO_DI_PIETRO 22385
ZAVATTARI,_Franceschino 22386
ZEEUW,_Cornelis_de 22387
ZEILLER,_Jakob_Johann 22388
ZELOTTI,_Giovanni_Battista 22389
ZELOTTI,_Givanni_Battista 22390
ZENALE,_Bernardo 22391
ZICHY,_Mihály 22392
ZIEM,_Félix 22393
ZIMMERMANN,_August_Albert 22394
ZIMMERMANN,_Carl_Friedrich 22395
ZIMMERMANN,_Johann_Baptist 22396
ZOCCHI,_Giuseppe 22397
ZOFFANY,_Johann 22398
ZOPPO,_Marco 22399
ZORN,_Anders 22400
ZUCCARELLI,_Francesco 22401
ZUCCARO,_Federico 22402
ZUCCARO,_Taddeo 22403
ZUCCHI,_Francesco 22404
ZUCCHI,_Jacopo 22405
ZUGNO,_Francesco 22406
ZULOAGA_Y_ZABALETA,_Ignacio 22407
ZURBARÁN,_Francisco_de 22408
ZURBARÁN,_Juan_de 22409
American 22410
Austrian 22411
Belgian 22412
Bohemian 22413
Catalan 22414
Danish 22415
Dutch 22416
English 22417
Finnish 22418
Flemish 22419
French 22420
German 22421
Greek 22422
Hungarian 22423
Irish 22424
Italian 22425
Netherlandish 22426
Norwegian 22427
Other 22428
Polish 22429
Portuguese 22430
Russian 22431
Scottish 22432
Spanish 22433
Swedish 22434
Swiss 22435
0751-0800 22436
0801-0850 22437
0851-0900 22438
0951-1000 22439
1001-1050 22440
1051-1100 22441
1101-1150 22442
1151-1200 22443
1201-1250 22444
1251-1300 22445
1301-1350 22446
1351-1400 22447
1401-1450 22448
1451-1500 22449
1501-1550 22450
1551-1600 22451
1601-1650 22452
1651-1700 22453
1701-1750 22454
1751-1800 22455
1801-1850 22456
1851-1900 22457
genre 22458
historical 22459
interior 22460
landscape 22461
mythological 22462
other 22463
portrait 22464
religious 22465
still-life 22466
study 22467
